State,District,Population,Tested_Date,Total_Tested,Total_Confirmed,Total_Recovered,Total_Deceased,Total_Vaccinated1,Total_Vaccinated2,Delta_Tested,Delta_Confirmed,Delta_Recovered,Delta_Deceased,Delta_Vaccinated1,Delta_Vaccinated2,Delta7_Tested,Delta7_Confirmed,Delta7_Recovered,Delta7_Deceased,Delta7_Vaccinated1,Delta7_Vaccinated2
Andaman and Nicobar Islands,Nicobars,36842,1970-01-01,0,0,0,0,25394,20313,0,0,0,0,0,0,0,0,0,0,62,811
Andaman and Nicobar Islands,North and Middle Andaman,105597,1970-01-01,0,0,0,0,78945,59522,0,0,0,0,0,8,0,0,0,0,90,1839
Andaman and Nicobar Islands,South Andaman,238142,1970-01-01,0,0,0,0,189662,120322,0,0,0,0,3,28,0,0,0,0,732,8012
Andhra Pradesh,Anantapur,4083315,2020-11-26,787085,157843,156699,1093,2690082,1611476,0,4,5,0,4575,5370,0,38,58,0,92803,140903
Andhra Pradesh,Chittoor,4170468,2020-11-26,780322,246935,244144,1947,2832987,1807873,0,64,87,1,878,1306,0,516,629,6,63824,119541
Andhra Pradesh,East Godavari,5151549,2020-11-26,944746,293836,291610,1290,3532220,1990578,0,87,121,0,41,237,0,604,520,0,36973,223236
Andhra Pradesh,Guntur,4889230,2020-11-26,833823,178068,176629,1237,3440118,1891773,0,33,198,0,1119,1248,0,272,619,4,285377,156818
Andhra Pradesh,Krishna,4529009,2020-11-26,782232,119348,117130,1430,2971604,1914927,0,46,71,1,51,337,0,422,467,9,75352,230788
Andhra Pradesh,Kurnool,4046601,2020-11-26,867361,124142,123264,853,2672759,1290419,0,6,3,0,4716,1538,0,25,26,0,178620,73119
Andhra Pradesh,Prakasam,3392764,2020-11-26,697340,138482,136989,1124,2321031,1521177,0,6,37,0,3292,5872,0,103,290,3,137338,130213
Andhra Pradesh,S.P.S. Nellore,2966082,2020-11-26,682964,146388,144919,1053,2143402,1403240,0,34,23,1,2724,1639,0,155,235,2,96973,114393
Andhra Pradesh,Srikakulam,2699471,2020-11-26,670899,123109,122136,786,1630248,974734,0,19,20,0,2,6,0,132,72,0,18883,129575
Andhra Pradesh,Visakhapatnam,4288113,2020-11-26,744983,157737,156492,1127,2999432,1864960,0,27,30,0,1309,2311,0,237,227,1,65301,207340
Andhra Pradesh,Vizianagaram,2342868,2020-11-26,531433,82967,82231,672,1393491,996097,0,7,11,1,601,1855,0,53,38,1,44847,123576
Andhra Pradesh,West Godavari,3934782,2020-11-26,793098,179077,177680,1117,2525317,1778807,0,40,44,0,878,1884,0,234,246,4,61021,146562
Andhra Pradesh,Y.S.R. Kadapa,2884524,2020-11-26,671761,115623,114904,644,1824032,1328711,0,12,25,0,1005,1101,0,82,163,0,65843,90958
Arunachal Pradesh,Anjaw,21089,2021-01-28,2845,1068,1065,3,11695,7957,0,0,0,0,0,0,0,0,0,0,45,452
Arunachal Pradesh,Changlang,147951,2021-01-28,23861,3807,3780,22,88857,55361,0,0,1,0,0,0,0,3,3,0,298,3803
Arunachal Pradesh,East Kameng,78413,2021-01-28,7489,1094,1094,0,22931,15646,0,0,0,0,0,1,0,0,0,0,76,409
Arunachal Pradesh,East Siang,99019,2021-01-28,21867,3206,3183,17,54001,39434,0,0,5,0,0,0,0,9,10,0,365,2013
Arunachal Pradesh,Kamle,22256,2021-01-28,1385,512,512,0,6946,3874,0,0,0,0,0,0,0,0,0,0,36,185
Arunachal Pradesh,Kurung Kumey,89717,2021-01-28,4201,511,510,1,9121,5601,0,0,0,0,0,0,0,0,0,0,27,255
Arunachal Pradesh,Lohit,145538,2021-01-28,14945,2885,2851,26,31120,22003,0,0,0,0,0,0,0,9,3,0,221,1494
Arunachal Pradesh,Longding,60000,2021-01-28,10342,752,749,2,19259,7826,0,0,0,0,0,0,0,1,0,0,46,356
Arunachal Pradesh,Lower Dibang Valley,53986,2021-01-28,12169,2426,2397,11,32639,22089,0,0,0,0,19,1,0,14,3,0,171,931
Arunachal Pradesh,Lower Siang,80597,2021-01-28,7070,738,730,8,16565,9990,0,0,0,0,0,0,0,0,0,0,37,317
Arunachal Pradesh,Lower Subansiri,82839,2021-01-28,10564,3036,3015,15,26916,18827,0,0,0,0,2,36,0,5,2,0,85,767
Arunachal Pradesh,Namsai,95950,2021-01-28,19987,2124,2102,17,63539,47104,0,0,0,0,0,0,0,4,16,0,209,2436
Arunachal Pradesh,Papum Pare,176385,2021-01-28,41960,18316,18212,98,141168,100258,0,1,1,0,0,0,0,7,12,0,1055,3799
Arunachal Pradesh,Shi Yomi,13310,2021-01-28,2169,262,261,0,6910,5663,0,0,0,0,0,0,0,1,10,0,2,153
Arunachal Pradesh,Siang,31920,2021-01-28,4270,411,408,3,14408,9068,0,0,0,0,0,0,0,0,0,0,40,197
Arunachal Pradesh,Tawang,49950,2021-01-28,14224,2577,2533,20,29553,23287,0,0,0,0,0,0,0,12,8,0,91,759
Arunachal Pradesh,Tirap,111997,2021-01-28,14657,1109,1102,5,31565,21200,0,0,0,0,0,0,0,0,2,0,35,631
Arunachal Pradesh,Upper Dibang Valley,7948,2021-01-28,1910,337,335,2,4156,2603,0,0,0,0,0,0,0,0,1,0,3,11
Arunachal Pradesh,Upper Siang,35289,2021-01-28,6564,1016,1015,1,18594,13671,0,0,0,0,0,0,0,0,2,0,38,411
Arunachal Pradesh,Upper Subansiri,83205,2021-01-28,6217,1958,1952,6,24842,16390,0,0,0,0,0,0,0,0,0,0,93,1122
Arunachal Pradesh,West Kameng,87013,2021-01-28,28155,3545,3518,14,55710,40321,0,0,7,0,15,89,0,1,21,0,206,1914
Arunachal Pradesh,West Siang,112272,2021-01-28,13192,1868,1856,6,33773,27867,0,0,-5,0,0,0,0,0,3,0,63,640
Assam,Baksa,953773,1970-01-01,0,0,0,0,553967,136574,0,0,0,0,39,172,0,0,0,0,2992,15169
Assam,Barpeta,1693190,1970-01-01,0,0,0,0,1095048,448006,0,0,0,0,369,1035,0,0,0,0,10495,48544
Assam,Biswanath,612491,1970-01-01,0,0,0,0,456088,213437,0,0,0,0,507,1655,0,0,0,0,5661,35727
Assam,Bongaigaon,732639,1970-01-01,0,0,0,0,493242,183782,0,0,0,0,85,1287,0,0,0,0,2784,18356
Assam,Cachar,1736319,1970-01-01,0,0,0,0,1101266,402535,0,0,0,0,2149,966,0,0,0,0,26826,21591
Assam,Chirang,481818,1970-01-01,0,0,0,0,288696,102397,0,0,0,0,22,89,0,0,0,0,2488,9573
Assam,Darrang,908090,1970-01-01,0,0,0,0,596783,183724,0,0,0,0,365,270,0,0,0,0,17453,21800
Assam,Dhemaji,688077,1970-01-01,0,0,0,0,431792,184251,0,0,0,0,55,47,0,0,0,0,3423,15318
Assam,Dhubri,1948632,1970-01-01,0,0,0,0,945264,229696,0,0,0,0,1042,1906,0,0,0,0,12450,25644
Assam,Dibrugarh,1327748,2021-02-01,301657,0,0,0,914640,430800,0,0,0,0,699,4007,0,0,0,0,8869,38695
Assam,Dima Hasao,213529,1970-01-01,0,0,0,0,116318,62593,0,0,0,0,160,59,0,0,0,0,2532,3737
Assam,Goalpara,1008959,1970-01-01,0,0,0,0,662016,195521,0,0,0,0,47,81,0,0,0,0,4013,30725
Assam,Golaghat,1058674,1970-01-01,0,0,0,0,711564,306745,0,0,0,0,504,2676,0,0,0,0,6525,51417
Assam,Hailakandi,659260,1970-01-01,0,0,0,0,422295,146888,0,0,0,0,88,705,0,0,0,0,1724,11247
Assam,Hojai,931218,1970-01-01,0,0,0,0,602504,274035,0,0,0,0,512,2979,0,0,0,0,6217,36724
Assam,Jorhat,1091295,1970-01-01,0,0,0,0,649267,297724,0,0,0,0,225,2154,0,0,0,0,3383,39677
Assam,Kamrup,1517202,1970-01-01,0,0,0,0,1079092,409628,0,0,0,0,231,253,0,0,0,0,10451,45828
Assam,Kamrup Metropolitan,1260419,1970-01-01,0,0,0,0,1246239,875897,0,0,0,0,359,1713,0,0,0,0,6625,38155
Assam,Karbi Anglong,965280,1970-01-01,0,0,0,0,284600,102798,0,0,0,0,342,280,0,0,0,0,13744,12778
Assam,Karimganj,1217002,1970-01-01,0,0,0,0,681216,203575,0,0,0,0,331,1382,0,0,0,0,5088,20659
Assam,Kokrajhar,886999,1970-01-01,0,0,0,0,538901,156488,0,0,0,0,162,823,0,0,0,0,3935,19711
Assam,Lakhimpur,1040644,1970-01-01,0,0,0,0,681386,301369,0,0,0,0,148,1555,0,0,0,0,5870,42164
Assam,Majuli,167304,1970-01-01,0,0,0,0,117599,82507,0,0,0,0,36,166,0,0,0,0,1524,7176
Assam,Morigaon,957853,1970-01-01,0,0,0,0,592446,212146,0,0,0,0,264,482,0,0,0,0,5298,27861
Assam,Nagaon,2826006,1970-01-01,0,0,0,0,1203831,448081,0,0,0,0,758,1481,0,0,0,0,16396,36734
Assam,Nalbari,769919,1970-01-01,0,0,0,0,483076,168392,0,0,0,0,388,1492,0,0,0,0,6785,25411
Assam,Sivasagar,1150253,1970-01-01,0,0,0,0,478954,223921,0,0,0,0,46,714,0,0,0,0,1946,23104
Assam,Sonitpur,1925975,1970-01-01,0,0,0,0,767841,434213,0,0,0,0,448,2664,0,0,0,0,8341,48290
Assam,South Salmara Mankachar,555114,1970-01-01,0,0,0,0,239906,76599,0,0,0,0,260,1288,0,0,0,0,1978,15304
Assam,Tinsukia,1316948,1970-01-01,0,0,0,0,795057,286170,0,0,0,0,6637,1679,0,0,0,0,45002,22410
Assam,Udalguri,832769,2020-09-16,24661,0,0,0,504439,133919,0,0,0,0,1935,1396,0,0,0,0,17371,19343
Assam,West Karbi Anglong,300320,1970-01-01,0,0,0,0,127612,42942,0,0,0,0,312,147,0,0,0,0,4593,4186
Bihar,Araria,2806200,2020-10-03,219221,14978,14859,116,1177154,395227,0,0,0,0,5177,3067,0,2,0,0,51331,69085
Bihar,Arwal,700843,2021-01-31,101624,7381,7307,74,345175,116424,0,0,0,0,262,1360,0,0,0,0,4059,17125
Bihar,Aurangabad,2511243,2021-01-31,412007,20011,19936,75,1132482,407913,0,0,0,0,1264,2657,0,0,0,0,25561,56431
Bihar,Banka,2029339,2021-01-31,364776,7379,7267,112,935177,351254,0,0,0,0,2635,3138,0,0,0,0,24239,34077
Bihar,Begusarai,2954367,2020-09-26,213670,27212,26754,457,1430906,480982,0,0,1,0,1906,2774,0,2,7,0,33903,65735
Bihar,Bhagalpur,3032226,2021-01-31,582113,25840,25531,309,1494951,650332,0,0,1,0,2122,3458,0,1,1,0,49875,78088
Bihar,Bhojpur,2720155,2021-01-31,466438,10210,10051,159,1291186,382719,0,0,0,0,3232,4879,0,0,0,0,31626,53006
Bihar,Buxar,1707643,2021-01-31,461428,9248,9066,182,907374,322555,0,0,0,0,1083,2516,0,0,0,0,14794,38792
Bihar,Darbhanga,3921971,2021-01-11,448442,10937,10567,370,1869372,741553,0,0,0,0,2858,5306,0,0,1,0,39165,82276
Bihar,East Champaran,5082868,2020-11-03,548132,19017,18585,430,2498559,1002939,0,0,0,0,2434,8014,0,2,0,0,29316,84760
Bihar,Gaya,4379383,2021-01-31,872359,33952,33672,280,1925234,722746,0,0,0,0,1708,1689,0,0,1,0,72504,82490
Bihar,Gopalganj,2558037,2021-01-31,562654,16685,16591,94,1286763,481968,0,0,0,0,5308,8468,0,0,1,0,31750,70093
Bihar,Jamui,1756078,2021-01-31,342005,9418,9312,106,800488,222093,0,0,0,0,1435,1416,0,0,1,0,24440,24005
Bihar,Jehanabad,1124176,2021-01-31,492255,10783,10674,109,498448,184446,0,0,0,0,498,1617,0,0,0,0,12986,27200
Bihar,Kaimur,1626900,2021-01-31,442332,4984,4837,147,801438,225437,0,0,0,0,1067,2183,0,0,0,0,19996,28681
Bihar,Katihar,3068149,2021-01-31,556438,18145,18051,94,1451838,403046,0,0,0,0,2680,2966,0,0,1,0,53448,75733
Bihar,Khagaria,1657599,2020-10-04,148340,10064,9976,88,775019,222012,0,0,0,0,881,2118,0,0,0,0,15402,32372
Bihar,Kishanganj,1690948,2021-01-31,294321,10128,10057,66,757066,205274,0,3,1,0,1997,1445,0,4,2,0,24597,25592
Bihar,Lakhisarai,1000717,2021-01-31,332434,7776,7674,102,461970,138407,0,0,0,0,595,1005,0,0,0,0,8894,16437
Bihar,Madhepura,1994618,2021-01-31,455482,12547,12435,111,965767,260408,0,0,0,0,2700,4459,0,1,0,0,28832,43563
Bihar,Madhubani,4476044,2021-01-31,715168,18365,18023,339,1974159,680214,0,2,0,0,2735,6686,0,3,0,0,28535,69785
Bihar,Munger,1359054,2021-01-31,325212,15111,14953,158,707588,264665,0,0,0,0,851,2867,0,0,1,0,7445,33005
Bihar,Muzaffarpur,4778610,2021-01-31,722651,31398,30777,621,2253919,717015,0,0,0,0,3545,7023,0,0,1,0,40686,80513
Bihar,Nalanda,2872523,2021-01-31,591346,23432,22964,468,1393762,638181,0,0,0,0,2168,1826,0,0,0,0,36716,66091
Bihar,Nawada,2216653,2020-11-16,322514,10353,10174,178,1062349,274319,0,0,0,0,4176,4338,0,1,0,0,46619,35295
Bihar,Patna,5772804,2021-01-31,676238,147007,144651,2334,3421614,2366474,0,2,3,0,737,2024,0,14,8,0,35436,159875
Bihar,Purnia,3273127,2021-01-05,568756,24427,24247,180,1603099,729224,0,0,0,0,2821,1959,0,0,0,0,61212,74531
Bihar,Rohtas,2962593,2021-01-31,521553,13980,13707,271,1498172,465660,0,0,0,0,4911,4149,0,2,0,0,40918,59698
Bihar,Saharsa,1897102,2021-01-31,356327,17616,17482,134,995618,366567,0,0,0,0,28493,18126,0,0,0,0,106392,80718
Bihar,Samastipur,4254782,2021-01-31,614569,20020,19864,155,1991102,555728,0,1,1,0,3216,5157,0,2,2,0,48167,64119
Bihar,Saran,3943098,2021-01-31,761473,23278,23020,255,1868014,736766,0,0,2,0,4149,6693,0,5,2,0,41734,82407
Bihar,Sheikhpura,634927,2021-01-31,142348,7693,7618,75,287209,95322,0,0,0,0,345,788,0,0,0,0,4942,10739
Bihar,Sheohar,656916,2020-11-16,199431,4404,4368,36,300967,108766,0,0,0,0,666,1629,0,0,2,0,2946,7111
Bihar,Sitamarhi,3419622,2021-01-31,453227,9185,9058,127,1511464,424182,0,0,0,0,3873,5476,0,0,0,0,43474,60677
Bihar,Siwan,3318176,2021-01-31,536438,15195,15025,170,1670590,684755,0,0,0,0,1163,4030,0,0,0,0,18385,69069
Bihar,Supaul,2228397,2021-01-31,456511,17222,17093,129,1069993,369925,0,0,0,0,3029,5131,0,0,0,0,35486,71754
Bihar,Vaishali,3495021,2021-01-31,275884,19827,19632,192,1671469,478638,0,0,0,0,1522,2621,0,1,0,0,45426,59038
Bihar,West Champaran,3935042,2021-01-31,551778,20890,20532,358,1784016,469332,0,0,0,0,7525,6316,0,0,0,0,42709,52019
Chandigarh,Chandigarh,1055450,2021-10-31,792851,65351,64495,820,926035,546981,1403,5,3,0,211,1282,10726,28,20,0,3680,21641
Chhattisgarh,Balod,826165,2020-06-14,2749,27278,26880,396,537459,271570,0,0,0,0,523,762,0,2,1,0,5983,9451
Chhattisgarh,Baloda Bazar,1305343,2020-06-14,3816,43085,42611,471,617777,211945,0,0,1,0,953,605,0,0,3,0,25353,17419
Chhattisgarh,Balrampur,598855,2020-09-20,21481,20302,20182,118,305554,112777,0,0,0,0,1654,725,0,0,0,0,21912,17709
Chhattisgarh,Bametara,197035,2020-06-14,3113,19963,19726,236,405388,132925,0,1,0,0,25,25,0,1,0,0,14367,7690
Chhattisgarh,Bastar,1302253,2020-05-23,4522,21066,20845,188,443759,178775,0,2,2,0,82,129,0,24,2,0,10696,9616
Chhattisgarh,Bijapur,229832,2020-06-14,1239,8324,8263,55,103247,44245,0,3,1,0,47,56,0,5,3,0,1251,913
Chhattisgarh,Bilaspur,1961922,2020-06-14,9823,65681,64448,1210,1031494,525066,0,1,3,0,2404,9113,0,17,8,2,18318,50320
Chhattisgarh,Dakshin Bastar Dantewada,533638,2020-06-14,1168,10840,10809,25,158243,80855,0,1,0,0,143,1299,0,6,2,0,2225,5410
Chhattisgarh,Dhamtari,799199,2020-06-14,1501,27239,26690,545,509782,224591,0,0,2,0,1,18,0,2,2,0,6188,7319
Chhattisgarh,Durg,3343079,2020-06-14,5020,96880,95028,1798,1012391,525445,0,4,6,0,468,908,0,26,18,1,17012,22719
Chhattisgarh,Gariaband,597653,2020-06-14,2096,19701,19506,194,293987,99137,0,0,0,0,440,153,0,1,0,0,9982,5872
Chhattisgarh,Janjgir Champa,1620632,2020-06-14,4016,57636,56766,838,896087,317605,0,2,4,0,1722,1341,0,19,8,1,45568,30991
Chhattisgarh,Jashpur,852043,2020-06-14,2542,27093,26867,212,435884,182747,0,0,3,0,187,383,0,10,6,0,10933,13098
Chhattisgarh,Kabeerdham,584667,2020-06-14,2829,22771,22503,267,402362,173494,0,0,0,0,1128,1288,0,1,0,0,17511,17876
Chhattisgarh,Kondagaon,578326,2020-06-14,1607,13139,13036,99,317695,100468,0,0,0,0,243,184,0,4,1,0,8359,7999
Chhattisgarh,Korba,1206563,2020-06-14,10034,54847,54228,580,650457,287588,0,5,2,0,1086,1126,0,23,11,0,24033,24911
Chhattisgarh,Koriya,659039,2020-06-14,2689,26980,26798,177,375503,128177,0,0,0,1,2370,346,0,6,0,1,15621,5751
Chhattisgarh,Mahasamund,1032275,2020-06-14,2183,31365,31000,365,738333,428365,0,0,0,0,159,6309,0,0,1,0,4416,72466
Chhattisgarh,Mungeli,701707,2020-06-14,2922,23921,23753,167,282508,109857,0,0,0,0,1330,981,0,1,2,0,15254,12880
Chhattisgarh,Narayanpur,140206,2020-06-14,804,4019,4005,14,53032,19468,0,0,0,0,1075,903,0,0,1,0,3057,1858
Chhattisgarh,Raigarh,1493627,2020-06-14,5084,62590,61597,978,1074306,967326,0,2,4,0,752,6265,0,8,8,0,5114,122838
Chhattisgarh,Raipur,4062160,2020-06-14,12704,158035,154852,3139,1557999,915437,0,9,3,0,789,3193,0,33,15,0,10441,40794
Chhattisgarh,Rajnandgaon,1537520,2020-11-09,124947,56077,55557,515,1028876,530711,0,0,0,0,596,650,0,5,3,0,15753,25270
Chhattisgarh,Sukma,249000,2020-06-14,1723,8066,8041,20,134654,81437,0,0,1,0,140,77,0,1,4,0,3208,5401
Chhattisgarh,Surajpur,660280,2020-06-14,1830,29029,28805,224,419247,163526,0,0,0,0,442,322,0,0,0,0,13506,13873
Chhattisgarh,Surguja,420661,2020-11-18,103578,33673,33426,245,468885,277031,0,0,0,0,1831,1834,0,2,0,0,29827,33226
Chhattisgarh,Uttar Bastar Kanker,748593,2020-06-14,2051,23636,23407,224,405744,171484,0,0,0,0,995,645,0,3,1,0,17930,14621
Delhi,Delhi,19814000,2021-10-31,29427753,1439870,1414431,25091,13055636,7425404,56751,45,46,0,12482,11839,395086,267,239,0,160323,269146
Dadra and Nagar Haveli and Daman and Diu,Dadra and Nagar Haveli,343709,2020-10-20,44813,5920,5910,3,387772,183553,0,0,0,0,3,18,0,0,0,0,870,6759
Dadra and Nagar Haveli and Daman and Diu,Daman,191173,2020-10-20,19338,3543,3516,1,234202,155547,0,0,1,0,0,0,0,0,2,0,1880,6793
Dadra and Nagar Haveli and Daman and Diu,Diu,52074,2020-10-20,8259,1218,1218,0,38779,31153,0,0,0,0,0,0,0,0,0,0,52,690
Goa,North Goa,817761,1970-01-01,0,0,0,0,600586,424066,0,0,0,0,1070,5967,0,0,0,0,4007,23958
Goa,South Goa,639962,1970-01-01,0,0,0,0,661972,487016,0,0,0,0,1492,6405,0,0,0,0,4401,22504
Gujarat,Ahmedabad,7208200,2021-02-02,2556492,238334,234889,3411,5961594,3439921,0,4,2,0,1765,11394,0,22,14,0,47316,169891
Gujarat,Amreli,1513614,2021-02-02,212265,10810,10708,102,927389,551970,0,0,0,0,399,3792,0,0,0,0,5473,39398
Gujarat,Anand,2090276,2021-02-02,171851,9637,9581,49,1471865,935893,0,0,0,0,4876,2866,0,6,1,0,33012,46764
Gujarat,Aravalli,1051746,2021-02-02,122182,5186,5108,78,717964,522361,0,0,0,0,2,106,0,0,0,0,1439,32201
Gujarat,Banaskantha,3116045,2021-02-02,218527,13631,13469,162,2140492,1157901,0,0,0,0,390,3521,0,0,0,0,16080,82985
Gujarat,Bharuch,1550822,2021-02-02,156057,11426,11308,118,1217587,669742,0,0,0,0,1539,2936,0,0,0,0,21270,45926
Gujarat,Bhavnagar,2877961,2021-02-02,392834,21447,21143,301,1680398,986097,0,1,0,0,359,1470,0,1,0,0,19467,81374
Gujarat,Botad,656005,2021-02-02,98559,2218,2176,42,378232,228691,0,0,0,0,13,235,0,0,0,0,929,14235
Gujarat,Chhota Udaipur,1071831,2021-02-02,93838,3395,3357,38,635695,420157,0,0,0,0,4,818,0,0,0,0,699,19920
Gujarat,Dahod,2126558,2021-02-02,218259,9955,9917,38,1499052,631818,0,0,0,0,8,1930,0,0,0,0,626,53547
Gujarat,Dang,226769,2021-02-02,31921,866,848,18,156334,59262,0,0,0,0,2,1,0,0,0,0,4140,3726
Gujarat,Devbhumi Dwarka,752484,2021-02-02,80424,4175,4093,82,504501,309771,0,0,0,0,315,373,0,0,0,0,4666,24924
Gujarat,Gandhinagar,1387478,2021-02-02,292598,20754,20549,205,1175562,706208,0,0,0,0,69,367,0,0,0,0,5475,36333
Gujarat,Gir Somnath,1217477,2021-02-02,121948,8570,8499,67,845224,363467,0,0,0,0,912,15,0,2,2,0,8524,15341
Gujarat,Jamnagar,2159130,2021-02-02,307911,34978,34494,478,1111813,653950,0,0,1,0,367,1366,0,5,3,0,9406,37158
Gujarat,Junagadh,2742291,2021-02-02,199699,20505,20226,272,1316479,733025,0,2,0,0,62,1232,0,6,2,0,2660,71531
Gujarat,Kheda,2298934,2021-02-02,218140,10439,10391,48,1454344,893742,0,0,0,0,124,2105,0,0,1,0,11668,73838
Gujarat,Kutch,2090313,2021-02-02,267060,12631,12474,145,1412923,680232,0,0,0,0,15,351,0,5,1,0,8920,49662
Gujarat,Mahisagar,994624,2021-02-02,122796,8194,8122,72,815594,459520,0,0,0,0,1,929,0,0,0,0,62,16517
Gujarat,Mehsana,2027727,2021-02-02,229904,24419,24242,177,1405786,869969,0,0,0,0,71,723,0,0,1,0,7523,48550
Gujarat,Morbi,960329,2021-02-02,157321,6502,6415,87,674000,308840,0,0,0,0,31,118,0,0,0,0,9950,20297
Gujarat,Narmada,590379,2021-02-02,76134,5955,5940,15,413260,279684,0,0,0,0,2,12,0,0,2,0,546,13890
Gujarat,Navsari,1330711,2021-02-02,129099,7215,7181,24,948673,647484,0,0,1,0,62,2009,0,5,13,0,1852,29095
Gujarat,Panchmahal,2388267,2021-02-02,160981,11770,11700,70,1105110,626003,0,0,0,0,80,1246,0,0,0,0,7294,44832
Gujarat,Patan,1342746,2021-02-02,169059,11624,11495,129,850462,533438,0,0,0,0,20,259,0,0,0,0,3369,37745
Gujarat,Porbandar,586062,2021-02-02,97912,3486,3467,19,419364,256377,0,0,0,0,48,1062,0,0,0,0,1140,13063
Gujarat,Rajkot,3157676,2021-02-02,731251,57976,57243,725,2227111,1255012,0,0,7,0,43,153,0,7,7,0,17510,53546
Gujarat,Sabarkantha,2427346,2021-02-02,182090,9317,9159,157,1000517,596705,0,0,0,0,66,1181,0,1,0,0,4232,45789
Gujarat,Surat,4996391,2021-02-02,1938229,143874,141885,1956,4781894,2529712,0,4,4,0,2525,7090,0,38,30,1,35083,115694
Gujarat,Surendranagar,1755873,2021-02-02,201153,8121,7985,136,1113845,715931,0,0,0,0,51,647,0,0,0,0,18641,79795
Gujarat,Tapi,806489,2021-02-02,92524,4441,4417,24,527345,303297,0,0,0,0,14,111,0,0,0,0,3010,23409
Gujarat,Vadodara,3639775,2021-02-02,695670,78159,77335,788,2612578,1940514,0,6,2,0,437,12194,0,36,14,0,16527,182027
Gujarat,Valsad,1703068,2021-02-02,155380,6405,6308,53,1232139,704675,0,3,6,0,84,46,0,25,25,1,6616,36430
Himachal Pradesh,Bilaspur,382056,2020-12-19,39738,14374,14120,85,323204,234916,0,11,12,0,6,329,0,133,77,0,695,15071
Himachal Pradesh,Chamba,518844,2020-12-19,53505,13687,13492,160,364258,198146,0,0,2,0,146,1749,0,27,13,0,1439,18796
Himachal Pradesh,Hamirpur,454293,2020-12-19,46407,17379,16741,287,377332,269143,0,11,50,0,0,32,0,288,228,4,713,26076
Himachal Pradesh,Kangra,1507223,2020-12-19,94910,50818,48872,1125,1182563,725754,0,40,108,1,2,23,0,657,454,10,2399,39940
Himachal Pradesh,Kinnaur,84298,2020-12-19,6730,3507,3465,38,79673,63209,0,0,1,0,0,0,0,2,6,0,95,517
Himachal Pradesh,Kullu,437474,2020-09-29,12012,9692,9496,158,351261,203549,0,0,3,0,0,0,0,19,18,0,889,9323
Himachal Pradesh,Lahaul and Spiti,31528,2020-10-31,540,2953,2935,18,31920,20986,0,0,0,0,0,0,0,0,0,0,30,412
Himachal Pradesh,Mandi,999518,2020-12-19,41895,31606,30983,448,775242,479355,0,4,5,0,99,2275,0,140,141,3,1156,26214
Himachal Pradesh,Shimla,813384,2020-12-19,32922,27549,26786,641,678341,412640,0,4,9,0,20,1688,0,100,66,3,2224,37351
Himachal Pradesh,Sirmaur,530164,2020-12-19,42564,15456,15244,211,423793,209631,0,0,0,0,52,1185,0,1,0,0,1388,22247
Himachal Pradesh,Solan,576670,2020-12-19,57200,22817,22472,314,691163,339630,0,4,2,0,33,493,0,25,27,0,1393,21242
Himachal Pradesh,Una,521057,2020-12-19,52905,14268,13804,253,434945,286819,0,11,6,0,24,396,0,145,124,0,824,16782
Haryana,Ambala,1136784,2021-01-30,206003,30150,29639,509,873020,571772,0,0,0,0,100,587,0,2,1,0,3021,25458
Haryana,Bhiwani,1629109,2021-01-30,176225,22409,21757,652,741251,317765,0,0,0,0,578,2454,0,0,0,0,6166,25664
Haryana,Charkhi Dadri,502276,2020-10-28,58525,5078,4939,139,364599,262184,0,0,0,0,2,35,0,0,2,0,941,11884
Haryana,Faridabad,1798954,2021-01-30,504970,99902,99157,716,1658940,840997,0,1,0,0,818,1577,0,18,7,0,17515,30156
Haryana,Fatehabad,941522,2020-08-29,27456,17875,17394,481,574546,201763,0,0,0,0,30,37,0,0,0,0,1800,7458
Haryana,Gurugram,1514085,2021-01-30,742619,181428,180454,922,2193114,1377160,0,7,8,0,264,1637,0,55,48,0,20221,48107
Haryana,Hisar,1742815,2021-01-30,322039,53995,52857,1136,994213,332162,0,0,0,0,58,111,0,2,0,0,5821,12364
Haryana,Jhajjar,956907,2020-11-30,186853,18849,18514,328,684511,293496,0,0,0,0,569,996,0,1,0,0,8229,19599
Haryana,Jind,1332042,2020-07-13,11157,21209,20675,533,704573,250859,0,0,0,0,490,567,0,1,0,0,13366,21662
Haryana,Kaithal,1072861,2020-07-13,11687,11244,10898,346,615168,217439,0,0,0,0,69,149,0,0,2,0,4183,11836
Haryana,Karnal,1506323,2021-01-30,185147,40037,39484,552,1000120,451876,0,1,0,0,617,217,0,1,0,0,8109,23328
Haryana,Kurukshetra,964231,2021-01-29,198881,22147,21789,357,610380,248125,0,0,0,0,55,199,0,1,1,0,4064,9522
Haryana,Mahendragarh,921680,2021-01-30,143253,21689,21534,155,576527,264911,0,0,0,0,205,529,0,0,0,0,4857,10632
Haryana,Nuh,1089406,2020-11-01,93389,5014,4890,123,354422,78081,0,0,0,0,2433,583,0,0,0,0,10812,3789
Haryana,Palwal,1040493,2021-01-30,139809,11025,10872,153,608874,221786,0,0,0,0,358,259,0,0,0,0,7558,9496
Haryana,Panchkula,558890,2020-12-05,118725,30770,30379,378,456675,279951,0,1,2,0,127,1033,0,10,12,0,1786,10743
Haryana,Panipat,1202811,2020-10-06,58863,31150,30510,638,830805,273172,0,1,0,0,375,1054,0,1,0,0,7950,12888
Haryana,Rewari,896129,2021-01-30,151363,20327,20106,221,648724,294989,0,0,0,0,83,353,0,0,4,0,2550,9877
Haryana,Rohtak,1058683,2020-07-13,25894,25903,25350,534,674649,305282,0,0,0,0,311,953,0,0,1,0,11409,17219
Haryana,Sirsa,1295114,2020-12-06,150193,29282,28771,508,786205,278920,0,0,0,0,47,92,0,3,2,0,4263,8228
Haryana,Sonipat,1480080,2020-12-06,238963,47138,46884,254,989125,411915,0,0,0,0,785,2190,0,0,1,0,9421,21065
Haryana,Yamunanagar,1214162,2021-01-30,196131,24631,24215,414,831598,340196,0,0,0,0,102,185,0,0,6,0,6471,16554
Jharkhand,Bokaro,2061918,2020-07-23,11798,19461,19170,286,994497,333330,0,0,0,0,3236,4363,0,15,13,0,27554,34375
Jharkhand,Chatra,1042304,1970-01-01,0,6033,5977,53,454807,126700,0,0,0,0,909,1813,0,0,0,0,5946,11402
Jharkhand,Deoghar,1491879,2020-07-23,6951,10835,10721,113,569167,230458,0,0,0,0,985,2299,0,2,1,0,9801,19008
Jharkhand,Dhanbad,2682662,1970-01-01,0,16589,16196,382,1185934,446946,0,0,1,0,2811,3597,0,24,13,0,33374,34095
Jharkhand,Dumka,1321096,2020-07-23,5400,4636,4589,47,638722,229944,0,0,1,0,1460,2659,0,2,2,0,12679,22872
Jharkhand,East Singhbhum,2291032,1970-01-01,0,51974,50907,1046,1424376,661091,0,0,3,0,1925,4669,0,47,42,2,11994,29238
Jharkhand,Garhwa,1322387,1970-01-01,0,6895,6801,94,456056,148421,0,0,1,0,4770,3027,0,6,7,0,17210,15386
Jharkhand,Giridih,2445203,2020-07-23,11132,8964,8834,130,994417,301193,0,0,0,0,2411,3577,0,0,0,0,16994,29823
Jharkhand,Godda,1311382,2020-07-23,10980,5840,5753,87,527710,198198,0,0,0,0,906,1883,0,1,1,0,7385,16537
Jharkhand,Gumla,1025656,1970-01-01,0,9900,9857,38,387738,156364,0,0,0,0,465,744,0,5,0,0,4900,8696
Jharkhand,Hazaribagh,1734005,1970-01-01,0,19593,19404,186,865943,317137,0,0,0,0,678,1243,0,3,3,0,11940,21857
Jharkhand,Jamtara,790207,2020-07-21,2880,5599,5534,61,381155,137216,0,0,0,0,973,1373,0,4,3,1,9614,12331
Jharkhand,Khunti,530299,2020-07-29,3852,7820,7724,96,227503,107053,0,0,0,0,354,367,0,0,0,0,3335,3834
Jharkhand,Koderma,717169,1970-01-01,0,12872,12736,136,363078,140609,0,0,0,0,45,235,0,0,0,0,3393,11488
Jharkhand,Latehar,725673,1970-01-01,0,7871,7814,57,294989,84919,0,0,0,0,1158,773,0,0,0,0,9565,7719
Jharkhand,Lohardaga,461738,2020-07-25,7526,6709,6621,88,173109,63130,0,0,0,0,188,166,0,0,2,0,3444,3563
Jharkhand,Pakur,899200,2020-07-23,6429,2552,2539,12,378048,108941,0,0,0,0,3009,2636,0,0,0,0,9945,9107
Jharkhand,Palamu,1936319,1970-01-01,0,12294,12184,110,788026,311074,0,0,0,0,5270,6713,0,0,0,0,21657,37375
Jharkhand,Ramgarh,949159,1970-01-01,0,13923,13714,197,522017,185442,0,0,0,0,645,944,0,7,0,0,5306,10927
Jharkhand,Ranchi,2912022,1970-01-01,0,86116,84495,1585,1512114,656001,0,10,2,0,4743,4594,0,182,228,0,35099,38856
Jharkhand,Sahibganj,1150038,2020-07-23,5029,4834,4792,42,430948,132560,0,0,0,0,1336,947,0,0,0,0,10449,13687
Jharkhand,Saraikela-Kharsawan,1063458,2020-12-13,161796,7207,7137,67,505417,167980,0,0,0,0,682,490,0,0,0,0,11215,12399
Jharkhand,Simdega,599813,1970-01-01,0,7193,7101,92,277357,112059,0,0,0,0,67,189,0,0,0,0,1694,4126
Jharkhand,West Singhbhum,1501619,1970-01-01,0,13054,12918,133,630437,225607,0,0,0,0,895,962,0,5,5,0,12587,16980
Jammu and Kashmir,Anantnag,1070144,1970-01-01,0,16603,16378,205,759605,402717,0,2,2,0,69,4677,0,10,12,0,1472,30949
Jammu and Kashmir,Bandipora,385099,1970-01-01,0,9814,9693,102,303665,154345,0,1,0,0,12,639,0,13,19,0,349,6835
Jammu and Kashmir,Baramulla,1015503,1970-01-01,0,24613,24196,282,776258,450002,0,10,6,0,42,2327,0,96,64,0,1665,29357
Jammu and Kashmir,Budgam,735753,1970-01-01,0,23844,23548,207,592075,319587,0,10,10,0,113,2657,0,63,53,0,1409,22456
Jammu and Kashmir,Doda,409576,1970-01-01,0,7869,7704,133,313983,158751,0,2,0,0,74,1079,0,18,26,0,1065,19212
Jammu and Kashmir,Ganderbal,297003,1970-01-01,0,10436,10313,79,227349,133812,0,7,2,0,33,1116,0,31,12,0,370,9271
Jammu and Kashmir,Jammu,1526406,1970-01-01,0,53324,52145,1145,1168448,610537,0,3,6,0,86,593,0,20,37,0,4121,16781
Jammu and Kashmir,Kathua,615711,1970-01-01,0,9327,9175,152,482584,249588,0,0,0,0,108,2053,0,0,5,1,1867,22270
Jammu and Kashmir,Kishtwar,230696,1970-01-01,0,4819,4773,44,164754,78041,0,0,0,0,85,320,0,1,0,0,3948,3385
Jammu and Kashmir,Kulgam,422786,1970-01-01,0,11489,11367,117,401091,202260,0,1,2,0,39,1610,0,2,5,0,632,20244
Jammu and Kashmir,Kupwara,875564,1970-01-01,0,14463,14268,166,673594,348327,0,5,4,0,165,8743,0,25,25,0,3959,42820
Jammu and Kashmir,Pulwama,570060,2021-01-01,139552,15512,15309,194,430622,244300,0,4,0,0,24,1414,0,5,5,0,1021,16829
Jammu and Kashmir,Punch,476820,1970-01-01,0,6482,6371,98,386098,234540,0,0,0,0,45,3190,0,7,14,0,695,27765
Jammu and Kashmir,Rajouri,619266,1970-01-01,0,11272,11031,237,498787,241407,0,0,0,0,56,752,0,4,7,0,1247,9544
Jammu and Kashmir,Ramban,283313,1970-01-01,0,6043,5971,67,220690,147086,0,1,0,0,155,829,0,3,0,0,1498,10369
Jammu and Kashmir,Reasi,314714,1970-01-01,0,6626,6575,43,244379,133971,0,0,2,0,240,1808,0,4,10,0,1644,15636
Jammu and Kashmir,Samba,318611,1970-01-01,0,7152,7032,120,280700,122554,0,0,0,0,40,468,0,0,2,0,1207,6224
Jammu and Kashmir,Shopiyan,265960,1970-01-01,0,5607,5549,58,203036,95122,0,0,0,0,6,302,0,0,0,0,139,7669
Jammu and Kashmir,Srinagar,1269751,1970-01-01,0,75539,74242,846,957347,592016,0,49,45,0,394,11547,0,305,274,2,2788,80075
Jammu and Kashmir,Udhampur,555357,1970-01-01,0,11415,11275,137,425945,227785,0,0,0,0,76,700,0,4,2,0,2420,14763
Karnataka,Bagalkote,1890826,2020-08-23,49851,35178,34843,333,1188016,613422,0,0,0,0,823,98,0,0,0,0,57683,22844
Karnataka,Ballari,2532383,2020-12-28,402407,97763,95961,1689,1758198,864065,0,0,2,0,2415,483,0,9,14,0,54006,84805
Karnataka,Belagavi,4778439,2021-01-02,396565,79900,78879,938,3165252,1386668,0,6,1,0,427,825,0,20,21,1,39701,98350
Karnataka,Bengaluru Rural,987257,2021-01-31,240277,62005,61073,890,700825,385704,0,3,3,0,118,994,0,23,27,2,5196,22700
Karnataka,Bengaluru Urban,9588910,2021-01-31,6883888,1251872,1229059,16281,9219875,5903791,0,137,204,7,2109,11462,0,1165,1093,37,48836,247281
Karnataka,Bidar,1700018,2020-08-29,67689,24340,23936,400,929776,515993,0,0,0,0,408,740,0,0,5,0,13739,30558
Karnataka,Chamarajanagara,1020962,2020-06-28,5156,33001,32469,500,647951,351940,0,0,4,0,25,399,0,6,15,0,2102,36658
Karnataka,Chikkaballapura,1254377,2020-06-28,15089,43951,43501,429,852473,497674,0,2,0,1,16,22,0,11,8,3,4700,19860
Karnataka,Chikkamagaluru,1137753,2020-06-28,5467,51126,50662,395,737417,346002,0,3,4,0,14,29,0,28,93,0,4830,13010
Karnataka,Chitradurga,1660378,2020-06-28,4393,36666,36412,206,1020280,618156,0,3,3,0,2340,1956,0,17,12,0,45062,47252
Karnataka,Dakshina Kannada,2083625,2020-09-17,131281,115478,113515,1680,1531107,848253,0,24,20,0,139,858,0,192,193,9,5124,38765
Karnataka,Davanagere,1946905,2020-06-28,17483,50989,50359,608,1016827,495371,0,2,1,0,16,33,0,10,11,1,7079,28149
Karnataka,Dharwad,1846993,2020-10-13,137696,60970,59639,1315,1212295,561504,0,0,3,1,459,323,0,4,10,3,24515,35313
Karnataka,Gadag,1065235,2020-06-28,8904,26066,25747,319,691646,328477,0,0,0,0,1176,167,0,0,0,0,12373,16257
Karnataka,Hassan,1776221,2020-06-28,10800,111785,110294,1256,1224599,614828,0,26,28,0,37,123,0,147,125,5,5434,26697
Karnataka,Haveri,1598506,2020-06-28,11714,21947,21301,644,999178,383705,0,1,1,0,2,7,0,1,2,1,8794,36386
Karnataka,Kalaburagi,2564892,2021-01-30,409596,61926,61087,819,1323039,641641,0,3,0,0,1631,1001,0,9,5,0,35135,44220
Karnataka,Kodagu,554762,2021-01-31,143982,37095,36616,329,385482,212033,0,11,7,0,26,202,0,112,67,0,1558,12680
Karnataka,Kolar,1540231,2020-10-14,91924,46916,46266,638,991957,625918,0,2,5,0,748,1088,0,18,31,3,13745,34211
Karnataka,Koppal,1391292,2020-06-28,8708,35198,34660,521,814373,411092,0,0,0,0,116,321,0,1,5,0,16045,33794
Karnataka,Mandya,1808680,2020-06-28,14874,73753,73029,650,1189318,659066,0,8,2,0,8,123,0,48,36,0,5411,28944
Karnataka,Mysuru,2994744,2020-08-31,107338,179167,176447,2416,2141764,1239770,0,33,34,2,798,1258,0,234,247,7,46664,111457
Karnataka,Raichur,1924773,2020-06-28,21011,39973,39641,331,1021603,448501,0,0,1,0,151,433,0,1,4,0,19900,34897
Karnataka,Ramanagara,1082739,2020-11-25,103399,24204,23869,320,754463,469335,0,0,0,0,11,61,0,8,10,2,6303,28767
Karnataka,Shivamogga,1755512,2020-08-21,48760,69444,68239,1088,1162073,535447,0,3,0,0,417,957,0,30,66,0,23220,47086
Karnataka,Tumakuru,2681449,2020-09-24,106564,120836,119420,1127,1672730,881580,0,17,12,0,1842,3742,0,136,112,1,31038,66650
Karnataka,Udupi,1177908,2020-09-13,86092,76718,76181,489,919074,529427,0,2,6,0,16,137,0,49,75,0,2422,27889
Karnataka,Uttara Kannada,1353299,2020-06-28,13833,56218,55339,766,980496,505589,0,6,4,0,11,155,0,66,48,0,3955,32067
Karnataka,Vijayapura,2175102,2020-06-28,25108,36267,35764,495,1535235,634270,0,0,0,0,340,583,0,2,2,0,59571,50033
Karnataka,Yadgir,1172985,2021-01-31,221485,27545,27337,207,708887,348094,0,0,0,0,108,62,0,0,2,0,18060,15460
Kerala,Alappuzha,2121943,1970-01-01,0,316160,313515,1862,1518055,855411,0,270,455,1,65,502,0,2035,2526,228,5337,51712
Kerala,Ernakulam,3279860,1970-01-01,0,602800,583842,3555,2953482,1759232,0,1046,918,11,573,1977,0,7647,8539,742,13018,91762
Kerala,Idukki,1107453,2021-01-01,237691,147118,140292,519,859116,481911,0,550,195,1,26,208,0,2876,1866,71,2211,27218
Kerala,Kannur,2525637,2021-01-01,392136,275264,269475,2325,1891004,959656,0,304,451,0,38,325,0,2611,3143,301,7636,71089
Kerala,Kasaragod,1302600,1970-01-01,0,138815,134824,617,910194,521754,0,137,147,0,389,1861,0,1054,1082,31,4942,24290
Kerala,Kollam,2629703,1970-01-01,0,390872,383923,2451,1951077,1047951,0,592,848,0,13,215,0,4753,6283,161,7368,62100
Kerala,Kottayam,1979384,1970-01-01,0,322484,315759,1356,1477425,841596,0,506,155,5,11,125,0,4187,1611,101,5298,58083
Kerala,Kozhikode,3089543,2021-01-01,955060,527346,519030,3374,2341296,1154561,0,742,760,23,55,449,0,5386,5059,513,11449,57479
Kerala,Malappuram,4110956,2020-12-30,469850,567584,562111,2576,2833303,1103557,0,334,560,48,152,523,0,2634,2929,108,20840,52896
Kerala,Palakkad,2810892,2020-10-19,226562,373839,364351,2881,1989222,950909,0,339,423,16,37,397,0,2560,2544,175,8712,57261
Kerala,Pathanamthitta,1195537,2021-01-01,306034,193406,184979,1076,1048352,677224,0,447,406,2,149,1275,0,2953,2635,122,2637,29343
Kerala,Thiruvananthapuram,3307284,2020-10-23,436661,463977,448304,4996,2578575,1562343,0,878,754,1,418,2986,0,7056,4851,118,9284,89297
Kerala,Thrissur,3110327,2021-01-01,639055,523260,515481,3575,2295947,1305873,0,753,38,59,107,977,0,5751,3647,388,8853,87643
Kerala,Wayanad,816558,2021-01-01,211953,125732,121295,518,659451,436359,0,269,329,0,12,243,0,1823,1691,30,2223,32359
Ladakh,Kargil,143000,2021-01-14,37471,3619,3556,58,87221,64300,0,0,0,0,0,3,0,4,0,0,205,748
Ladakh,Leh,147000,2021-01-14,72597,17343,17131,150,121577,87980,0,11,9,0,0,0,0,54,28,0,320,785
Lakshadweep,Lakshadweep,64473,2021-10-31,263541,10365,10270,51,55129,45951,31,0,0,0,0,4,1625,0,0,0,69,796
Maharashtra,Ahmednagar,4543083,2020-07-19,11077,339457,330122,7043,2468837,881402,0,138,11,2,535,661,0,866,728,26,44180,28319
Maharashtra,Akola,1818617,1970-01-01,0,58764,57318,1425,760099,357931,0,0,1,0,576,200,0,3,7,0,26579,10081
Maharashtra,Amravati,2887826,1970-01-01,0,96231,94618,1594,1241168,548807,0,1,0,0,112,66,0,3,0,0,29961,21747
Maharashtra,Aurangabad,3695928,2020-05-30,11800,155331,150615,4251,1772420,723304,0,27,0,0,759,246,0,156,157,1,46323,34109
Maharashtra,Beed,2585962,2020-10-11,111488,103749,100803,2806,1145382,485615,0,12,7,0,411,473,0,69,35,5,34333,24584
Maharashtra,Bhandara,1198810,2020-10-11,54195,60080,58945,1123,825867,421585,0,0,0,0,7,13,0,0,1,0,5080,16415
Maharashtra,Buldhana,2588039,2021-01-30,115874,85520,84710,797,1136679,512944,0,3,1,0,402,153,0,16,16,1,34272,24089
Maharashtra,Chandrapur,2194262,2021-01-30,199809,88968,87387,1560,1335017,458690,0,2,0,0,54,24,0,7,0,0,22248,18994
Maharashtra,Dhule,2048781,2020-10-11,90092,46172,45501,654,1007007,476051,0,0,0,0,121,230,0,5,4,0,23261,19364
Maharashtra,Gadchiroli,1071795,2020-07-23,11993,30440,29735,669,540319,231208,0,0,0,0,424,255,0,2,5,0,14790,10994
Maharashtra,Gondia,1322331,2021-01-29,130146,40519,39941,569,888961,469980,0,0,0,0,32,45,0,2,3,0,8593,23092
Maharashtra,Hingoli,1178973,2020-08-03,6797,18475,17949,506,537442,201000,0,0,0,0,459,166,0,0,3,0,42054,16145
Maharashtra,Jalgaon,4224442,2021-01-30,429198,139934,137178,2714,2085101,699544,0,0,2,0,6,19,0,4,11,0,37870,21599
Maharashtra,Jalna,1958483,2021-01-30,117047,60615,59382,1209,1081253,413822,0,0,0,0,121,16,0,15,47,0,112537,35713
Maharashtra,Kolhapur,3874015,1970-01-01,0,206671,200699,5847,2536731,1043329,0,12,5,0,152,337,0,55,115,2,19104,23088
Maharashtra,Latur,2455543,1970-01-01,0,92133,89608,2437,1182476,507616,0,5,0,1,4676,1424,0,39,0,3,82644,33519
Maharashtra,Mumbai,12442373,2021-01-29,2789713,756749,733318,16247,9115615,5564204,0,308,429,3,2725,2540,0,2242,2604,34,98915,219736
Maharashtra,Nagpur,4653171,2020-10-18,382083,493607,484334,9128,3006439,1460890,0,4,5,0,3039,3360,0,35,43,0,58567,71818
Maharashtra,Nanded,3356566,2020-11-03,117319,90409,87721,2658,1560558,560812,0,2,3,0,8820,2618,0,28,22,0,144423,41697
Maharashtra,Nandurbar,1646177,2020-12-12,37740,40006,39054,948,723850,342054,0,0,0,0,738,178,0,2,1,0,19572,12517
Maharashtra,Nashik,6109052,2021-01-30,498397,410681,401418,8679,3471046,1299122,0,60,32,3,2116,473,0,456,519,12,143768,58112
Maharashtra,Osmanabad,1660311,2021-01-07,109450,67828,65577,1963,803192,308210,0,16,3,0,5549,1039,0,89,154,1,44954,11658
Maharashtra,Palghar,2990116,2021-01-30,319724,138013,134309,3282,1869199,678741,0,28,6,0,863,1749,0,204,326,0,32112,39231
Maharashtra,Parbhani,1835982,2021-01-30,110937,52362,51078,1233,905874,378183,0,0,1,0,4016,1361,0,13,9,1,44477,20480
Maharashtra,Pune,9426959,2021-01-12,97127,1154776,1131401,19594,7843130,4264808,0,245,300,0,2900,4885,0,1536,5294,20,85256,136336
Maharashtra,Raigad,2635394,2021-01-28,304088,195958,190759,4551,1859507,774913,0,26,34,0,326,1214,0,267,359,10,21737,31684
Maharashtra,Ratnagiri,1612672,1970-01-01,0,78950,76292,2478,920151,388703,0,8,14,0,83,224,0,91,160,4,10880,7924
Maharashtra,Sangli,2820575,1970-01-01,0,209771,203673,5613,1810980,802877,0,19,0,0,128,120,0,155,375,4,11974,19041
Maharashtra,Satara,3003922,2021-01-30,312742,250414,243482,6428,1963730,865197,0,35,4,1,225,298,0,157,501,17,16690,30950
Maharashtra,Sindhudurg,848868,1970-01-01,0,52783,50987,1434,524896,279051,0,12,6,0,-1,1,0,91,259,4,3915,5195
Maharashtra,Solapur,4315527,2021-01-30,629266,210466,204364,5551,2242339,690069,0,51,7,4,5956,1381,0,253,370,11,77398,34204
Maharashtra,Thane,11060148,2020-11-04,1229625,610128,597141,11462,5484839,2751182,0,153,525,6,3664,5578,0,1241,3002,44,108643,120708
Maharashtra,Wardha,1296157,2020-10-31,52365,57344,55956,1217,755863,314899,0,2,2,0,18,65,0,5,4,0,16481,14040
Maharashtra,Washim,1196714,1970-01-01,0,41663,41020,637,579042,321710,0,1,0,0,1016,516,0,4,5,0,30932,19238
Maharashtra,Yavatmal,2775457,2021-01-29,141551,75967,74159,1798,1211321,496306,0,2,1,0,2588,697,0,6,7,0,56233,26091
Meghalaya,East Garo Hills,317618,1970-01-01,0,1867,1844,13,47655,20648,0,0,1,0,0,0,0,5,2,0,482,1424
Meghalaya,East Jaintia Hills,122436,1970-01-01,0,2430,2395,31,64432,33259,0,0,0,0,0,0,0,2,3,0,483,2964
Meghalaya,East Khasi Hills,824059,1970-01-01,0,41025,39754,987,318381,225526,0,14,18,1,0,17,0,171,286,2,1847,10698
Meghalaya,North Garo Hills,118325,1970-01-01,0,1685,1674,8,62675,28288,0,1,0,0,0,0,0,3,2,0,596,3614
Meghalaya,Ribhoi,258380,1970-01-01,0,9697,9584,89,92049,48460,0,1,3,0,15,65,0,14,23,0,884,3492
Meghalaya,South Garo Hills,142574,1970-01-01,0,1216,1203,12,40103,18937,0,0,0,0,13,67,0,0,1,0,329,1346
Meghalaya,South West Garo Hills,172495,1970-01-01,0,1872,1852,17,73397,39210,0,0,1,0,0,0,0,3,3,0,924,4509
Meghalaya,South West Khasi Hills,110152,1970-01-01,0,2548,2525,17,33372,17117,0,0,0,0,0,0,0,6,1,0,61,552
Meghalaya,West Garo Hills,642923,1970-01-01,0,9027,8943,72,209662,119725,0,3,1,0,7,32,0,8,11,0,1409,8093
Meghalaya,West Jaintia Hills,270352,1970-01-01,0,6803,6642,133,84529,47646,0,1,0,0,0,0,0,11,31,2,411,3480
Meghalaya,West Khasi Hills,385601,1970-01-01,0,5457,5330,71,77018,43000,0,2,27,0,1,20,0,33,97,0,443,1763
Manipur,Bishnupur,240363,1970-01-01,0,0,0,0,128902,64791,0,0,0,0,0,0,0,0,0,0,685,8679
Manipur,Chandel,144028,1970-01-01,0,0,0,0,26634,15197,0,0,0,0,5,134,0,0,0,0,98,1337
Manipur,Churachandpur,271274,2020-09-23,13542,0,0,0,104247,62208,0,0,0,0,27,370,0,0,0,0,345,3560
Manipur,Imphal East,452661,1970-01-01,0,0,0,0,251626,148953,0,0,0,0,183,1268,0,0,0,0,2402,19169
Manipur,Imphal West,514683,1970-01-01,0,0,0,0,308782,199404,0,0,0,0,74,841,0,0,0,0,1861,17353
Manipur,Jiribam,43818,1970-01-01,0,0,0,0,27911,17262,0,0,0,0,0,0,0,0,0,0,70,1927
Manipur,Kakching,135481,1970-01-01,0,0,0,0,84702,49653,0,0,0,0,0,0,0,0,0,0,214,2450
Manipur,Kamjong,45616,1970-01-01,0,0,0,0,10502,5370,0,0,0,0,75,371,0,0,0,0,129,736
Manipur,Pherzawl,47250,1970-01-01,0,0,0,0,12417,9888,0,0,0,0,0,52,0,0,0,0,55,711
Manipur,Senapati,354772,1970-01-01,0,0,0,0,28247,18288,0,0,0,0,105,291,0,0,0,0,425,1940
Manipur,Tamenglong,140143,1970-01-01,0,0,0,0,19931,10361,0,0,0,0,53,76,0,0,0,0,174,1204
Manipur,Thoubal,420517,1970-01-01,0,0,0,0,141308,62279,0,0,0,0,1,22,0,0,0,0,378,6574
Manipur,Ukhrul,183115,1970-01-01,0,0,0,0,22193,14759,0,0,0,0,66,258,0,0,0,0,362,1775
Madhya Pradesh,Alirajpur,728677,1970-01-01,0,3505,3453,48,369571,114601,0,0,0,0,10,40,0,0,0,0,921,8076
Madhya Pradesh,Anuppur,749521,2020-09-19,3424,9238,9140,89,481238,164712,0,0,0,0,73,1328,0,0,0,0,995,18360
Madhya Pradesh,Ashoknagar,844979,2021-01-31,55792,3670,3613,57,550087,186066,0,0,0,0,10,131,0,0,0,0,1258,17334
Madhya Pradesh,Balaghat,1701156,2020-08-19,9654,9100,9017,64,1278183,549643,0,2,0,0,25,342,0,2,0,0,15838,71692
Madhya Pradesh,Barwani,1385659,2020-11-19,41588,8366,8267,90,788872,225336,0,0,0,0,76,542,0,0,0,0,1615,16619
Madhya Pradesh,Betul,1575247,2021-01-31,68036,12905,12590,277,1042931,343674,0,0,0,0,22,547,0,1,0,0,2361,31953
Madhya Pradesh,Bhind,1703562,2020-11-16,44395,2995,2960,32,1034374,351065,0,0,0,0,29,1176,0,0,0,0,1525,30042
Madhya Pradesh,Bhopal,2368145,2020-09-19,245166,123552,122121,972,2012966,1168682,0,2,0,0,66,646,0,38,0,0,4130,38750
Madhya Pradesh,Burhanpur,756993,2020-08-18,13040,2568,2529,39,493618,220909,0,0,0,0,49,138,0,0,0,0,762,6561
Madhya Pradesh,Chhatarpur,1762857,2020-12-09,50518,7609,7506,91,1093616,336309,0,0,0,0,56,1310,0,0,0,0,3103,27937
Madhya Pradesh,Chhindwara,2090306,2021-01-31,79090,6734,6612,120,1624355,591843,0,0,0,0,18,261,0,2,0,0,4654,93453
Madhya Pradesh,Damoh,1263703,2020-09-19,16564,8120,7841,186,844557,326505,0,0,0,0,39,982,0,0,0,0,4298,52314
Madhya Pradesh,Datia,786375,2020-12-04,40322,6959,6874,78,560238,296233,0,0,0,0,521,10316,0,0,0,0,1963,45226
Madhya Pradesh,Dewas,1563107,2021-01-31,96155,7723,7672,51,1005266,477219,0,0,0,0,11,386,0,0,0,0,1804,22992
Madhya Pradesh,Dhar,2184672,2020-12-02,62597,12572,12388,130,1371226,536214,0,1,0,0,39,306,0,7,0,0,5034,83699
Madhya Pradesh,Dindori,704218,2020-07-08,3557,4623,4588,29,481366,186341,0,0,0,0,4,96,0,0,0,0,1342,21481
Madhya Pradesh,Guna,1240938,2020-12-04,40229,5132,5085,44,821399,284155,0,0,0,0,630,5023,0,0,0,0,3347,32837
Madhya Pradesh,Gwalior,2030543,2020-12-04,206696,53106,52427,633,1452149,730150,0,0,0,0,531,1715,0,2,0,0,8800,41193
Madhya Pradesh,Harda,570302,2020-12-02,36708,5055,4954,96,394641,159293,0,0,0,0,14,210,0,0,0,0,1075,24810
Madhya Pradesh,Hoshangabad,1240975,2020-12-04,46294,10688,10570,99,865566,369945,0,0,0,0,10,206,0,0,0,0,1498,39507
Madhya Pradesh,Indore,3272335,2021-01-31,780266,153230,151410,1391,2951024,1728945,0,8,0,0,76,894,0,39,0,0,4233,45203
Madhya Pradesh,Jabalpur,2460714,2021-02-01,293923,50779,49896,670,1957070,1099359,0,0,0,0,726,19681,0,3,0,0,5968,156306
Madhya Pradesh,Jhabua,1024091,2020-12-04,52146,7691,7619,64,607542,185320,0,0,0,0,50,222,0,1,0,0,3578,21040
Madhya Pradesh,Katni,1291684,2020-12-18,56828,9366,9242,120,865274,306259,0,0,0,0,57,879,0,0,0,0,2926,42360
Madhya Pradesh,Khandwa,1309443,2020-08-24,17090,4044,3946,94,862885,310248,0,0,0,0,0,0,0,0,0,0,880,13668
Madhya Pradesh,Khargone,1872413,2020-09-19,38413,13970,13716,239,1147444,411114,0,0,0,0,922,5304,0,0,0,0,3049,32932
Madhya Pradesh,Mandla,1053522,1970-01-01,0,5188,5159,25,684882,246724,0,0,0,0,6,72,0,0,0,0,2286,53670
Madhya Pradesh,Mandsaur,1339832,2020-12-04,52733,8637,8552,84,948065,330902,0,0,0,0,4,130,0,0,0,0,2058,37337
Madhya Pradesh,Morena,1965137,2021-02-01,90967,8236,8135,95,1295658,582833,0,0,0,0,50,1667,0,0,0,0,2814,112629
Madhya Pradesh,Narsinghpur,1092141,2021-01-30,90600,11209,11115,81,803225,318284,0,0,0,0,10,224,0,5,0,0,1266,34365
Madhya Pradesh,Neemuch,825958,2020-12-04,57292,7926,7828,84,579489,229183,0,0,0,0,16,359,0,0,0,0,970,17955
Madhya Pradesh,Panna,1016028,1970-01-01,0,7331,7250,63,600823,168120,0,0,0,0,144,985,0,0,0,0,2633,18657
Madhya Pradesh,Raisen,1331699,2020-11-29,44343,9238,9030,194,885585,333022,0,0,0,0,39,222,0,0,0,0,1644,22044
Madhya Pradesh,Rajgarh,1546541,2020-12-04,46604,8729,8490,172,1025584,450099,0,1,0,0,10,144,0,1,0,0,2483,41531
Madhya Pradesh,Ratlam,1454483,2020-11-29,51736,17860,17438,385,1026416,457972,0,0,0,0,14,251,0,0,0,0,1894,51080
Madhya Pradesh,Rewa,2363744,2020-08-18,22690,16433,16270,155,1639826,674779,0,0,0,0,85,1574,0,0,0,0,6664,104963
Madhya Pradesh,Sagar,2378295,2020-09-19,64801,16622,16154,390,1563245,760746,0,2,0,0,23,343,0,2,0,0,6321,60800
Madhya Pradesh,Satna,2228619,2020-09-19,28159,11965,11829,133,1532585,481540,0,0,0,0,37,303,0,0,0,0,3426,40519
Madhya Pradesh,Sehore,1311008,2020-11-29,45061,10136,10057,73,909045,396375,0,0,0,0,5,256,0,0,0,0,2325,32101
Madhya Pradesh,Seoni,1378876,2020-09-19,15024,6775,6739,28,945564,341871,0,0,0,0,15,402,0,0,0,0,2162,38081
Madhya Pradesh,Shahdol,1064989,2020-09-19,18177,10085,9958,118,723227,337272,0,0,0,0,20,426,0,0,0,0,857,22928
Madhya Pradesh,Shajapur,1512353,2021-02-01,56805,6349,6273,74,620316,278912,0,0,0,0,43,851,0,0,0,0,1971,51596
Madhya Pradesh,Sheopur,687952,2020-11-29,31449,4000,3919,78,413195,140296,0,0,0,0,236,1788,0,0,0,0,1338,16952
Madhya Pradesh,Shivpuri,1725818,2020-11-19,47270,12398,12261,125,1109976,391707,0,0,0,0,883,13988,0,0,0,0,3082,38901
Madhya Pradesh,Sidhi,1126515,2020-07-26,4660,9219,9132,87,679862,226632,0,0,0,0,58,512,0,0,0,0,1867,19145
Madhya Pradesh,Singrauli,1178132,1970-01-01,0,8801,8706,82,740335,224966,0,0,0,0,43,305,0,1,0,0,3052,21200
Madhya Pradesh,Tikamgarh,1444920,2020-11-29,43011,6863,6742,114,919592,293885,0,0,0,0,60,297,0,0,0,0,3331,24497
Madhya Pradesh,Ujjain,1986864,2020-09-19,31631,18903,18720,172,1452247,836514,0,0,0,0,27,1323,0,1,0,0,4210,65566
Madhya Pradesh,Umaria,643579,2020-11-19,54811,6294,6224,63,455492,196492,0,0,0,0,9,93,0,0,0,0,955,28084
Madhya Pradesh,Vidisha,1458212,2020-12-04,65935,11922,11677,237,975291,349024,0,0,0,0,11,253,0,0,0,0,1222,26130
Mizoram,Aizawl,404054,1970-01-01,0,75111,71337,300,315706,239593,0,361,365,1,0,0,0,1996,3014,6,443,3740
Mizoram,Champhai,125370,1970-01-01,0,5188,4745,11,74122,55251,0,33,40,0,0,0,0,299,319,3,344,572
Mizoram,Kolasib,83054,1970-01-01,0,7721,7561,30,50525,33101,0,10,2,0,0,0,0,94,154,0,153,738
Mizoram,Lawngtlai,117444,1970-01-01,0,6740,6553,23,55877,25870,0,14,13,0,129,0,0,98,245,1,2765,1838
Mizoram,Lunglei,154094,1970-01-01,0,9842,9053,27,95129,73298,0,71,36,0,0,0,0,662,507,1,263,1493
Mizoram,Mamit,85757,1970-01-01,0,4854,4448,12,43678,28873,0,19,0,0,0,0,0,241,265,5,228,1322
Mizoram,Saiha,56366,1970-01-01,0,5469,5304,14,34626,19984,0,0,37,1,0,39,0,107,345,5,68,1116
Mizoram,Serchhip,64875,1970-01-01,0,4210,3646,10,41932,36047,0,65,67,0,0,0,0,386,572,0,36,431
Nagaland,Dimapur,379769,2020-12-11,47020,14684,13471,421,268405,175502,0,3,13,1,-1,2,0,68,73,2,2827,12731
Nagaland,Kiphire,74033,2020-12-11,1002,258,246,9,13017,8141,0,0,0,0,61,124,0,2,1,0,116,357
Nagaland,Kohima,270063,2020-12-11,33986,9461,9095,123,105758,82602,0,4,0,0,0,0,0,23,24,0,509,3038
Nagaland,Longleng,50593,2020-12-11,1193,307,286,2,20577,15446,0,0,0,0,0,0,0,0,7,0,26,181
Nagaland,Mokokchung,193171,2020-12-11,3976,2333,2186,54,69198,54730,0,3,2,0,0,0,0,23,5,2,146,2026
Nagaland,Mon,259604,2020-12-11,12278,1159,1124,14,70054,48331,0,0,0,0,20,28,0,1,0,0,243,1864
Nagaland,Peren,163294,2020-12-11,5717,920,897,6,19956,12514,0,0,0,0,1,29,0,1,1,0,189,613
Nagaland,Phek,163294,2020-12-11,2779,601,568,18,31241,20746,0,0,0,0,21,168,0,4,1,0,99,496
Nagaland,Tuensang,414801,2020-12-11,4887,1094,1077,12,38130,26725,0,1,6,0,41,122,0,2,28,1,106,525
Nagaland,Wokha,166239,2020-12-11,1390,402,361,11,35138,23577,0,0,0,0,11,232,0,6,4,0,122,1074
Nagaland,Zunheboto,141014,2020-12-11,2131,623,593,15,38077,22337,0,0,0,0,36,106,0,0,0,1,331,807
Odisha,Angul,1271703,2021-01-27,172873,43920,43506,393,786278,291800,0,1,3,0,9,38,0,16,20,2,21629,23378
Odisha,Balangir,1648574,2020-10-11,87867,23397,23257,126,960786,299153,0,0,0,0,0,0,0,4,15,0,20119,39059
Odisha,Balasore,2317419,2020-05-17,9843,40787,40389,299,1351099,534318,0,5,14,0,929,519,0,67,80,1,78274,35314
Odisha,Bargarh,1478833,1970-01-01,0,31126,30762,335,829092,283966,0,0,1,0,169,30,0,18,16,0,52192,32028
Odisha,Bhadrak,1506522,2021-01-31,258173,26480,26260,150,1026493,367945,0,3,7,0,0,17,0,44,39,1,14511,38206
Odisha,Boudh,439917,2020-05-17,496,12634,12488,112,259325,92297,0,0,0,0,496,1585,0,0,4,0,7009,16754
Odisha,Cuttack,2618708,2020-05-17,5720,94631,93404,857,1434524,702278,0,54,29,0,2729,1129,0,277,304,1,75381,45717
Odisha,Deogarh,312164,2020-05-17,682,6553,6460,50,223405,63727,0,2,3,0,1,136,0,41,10,0,1126,4779
Odisha,Dhenkanal,1192948,2021-01-31,179477,19871,19598,243,738406,282859,0,5,0,0,92,104,0,25,16,0,18302,23327
Odisha,Gajapati,575880,2020-05-17,715,9657,9555,84,288963,115535,0,5,0,0,296,1193,0,15,11,0,4770,10942
Odisha,Ganjam,3520151,2021-01-31,750442,33849,33342,485,2214981,1698328,0,8,2,0,438,1848,0,22,18,0,27002,112716
Odisha,Jagatsinghpur,1136604,2020-09-15,46648,27920,27510,316,677675,272499,0,9,12,0,-2,2,0,76,78,1,28276,25051
Odisha,Jajpur,1826275,2020-08-23,53956,43735,43461,172,1087735,383313,0,9,8,0,2,9,0,75,73,0,30726,37471
Odisha,Jharsuguda,579499,2020-05-17,1663,23863,23673,176,399523,189682,0,3,0,0,0,0,0,13,10,0,7187,14725
Odisha,Kalahandi,1573054,2020-05-17,1458,24314,24082,210,921185,304778,0,2,0,0,1476,537,0,15,1,0,38214,26926
Odisha,Kandhamal,731952,2020-05-17,1516,11537,11453,83,384009,150737,0,0,0,0,847,529,0,0,5,0,12881,12319
Odisha,Kendrapara,1439891,2020-10-19,382732,24860,24545,252,916169,347854,0,8,8,0,1452,1179,0,62,52,1,28635,34297
Odisha,Kendujhar,1802777,2021-02-01,474504,20980,20798,175,1087285,376311,0,1,2,0,483,613,0,4,3,2,25529,46488
Odisha,Khordha,2246341,1970-01-01,0,175335,171938,1552,2063646,1502538,0,250,243,2,568,1482,0,1492,1654,8,34733,49859
Odisha,Koraput,1376934,2020-05-17,1401,19137,19044,78,860773,399063,0,1,2,0,935,2024,0,11,20,0,13011,35701
Odisha,Malkangiri,612727,2020-05-17,1841,11667,11613,49,391790,137925,0,0,3,0,2497,2000,0,2,4,0,13449,16141
Odisha,Mayurbhanj,2513895,2020-05-17,3307,40844,40416,286,1222153,413698,0,19,8,1,2985,654,0,126,93,5,86170,36315
Odisha,Nabarangapur,1218762,2021-01-25,162154,23549,23461,86,675601,188457,0,0,0,0,0,0,0,1,2,0,13213,18025
Odisha,Nayagarh,962215,2020-05-17,1104,23505,23261,212,593612,222606,0,2,3,0,29,117,0,28,24,1,7145,22575
Odisha,Nuapada,606490,2020-05-17,310,22924,22803,84,402248,129685,0,1,3,0,6,58,0,36,5,0,3391,14721
Odisha,Puri,1697983,2020-12-01,173340,45431,44903,459,1078666,523160,0,15,7,1,2991,6548,0,68,69,1,25187,40854
Odisha,Rayagada,961959,2020-05-17,578,20224,19981,167,549767,184420,0,6,3,0,537,2019,0,18,16,0,5781,16558
Odisha,Sambalpur,1044410,2020-05-17,2007,31651,31315,240,768989,418110,0,13,24,0,574,1479,0,88,113,0,8960,31518
Odisha,Subarnapur,652107,1970-01-01,0,13187,13115,61,418336,192102,0,0,0,0,0,0,0,5,3,0,8102,31803
Odisha,Sundargarh,2080664,1970-01-01,0,61841,61167,594,1122762,490428,0,13,8,0,824,340,0,59,71,0,19935,22587
Punjab,Amritsar,2490891,2020-09-02,89227,47379,45757,1598,1263073,446487,0,4,1,0,232,251,0,23,9,2,23376,18084
Punjab,Barnala,596294,2020-12-20,63447,5950,5696,244,328464,104197,0,0,0,0,629,291,0,2,0,0,9552,5253
Punjab,Bathinda,1388859,2020-12-20,118489,41728,40668,1042,623604,202311,0,1,0,0,110,182,0,15,8,0,8246,6940
Punjab,Faridkot,618008,2020-09-02,23635,13927,13602,315,330654,128653,0,1,1,0,154,241,0,7,7,0,3048,4201
Punjab,Fatehgarh Sahib,599814,2020-12-20,68436,8876,8538,335,354921,135247,0,0,0,0,9,17,0,2,1,1,2513,4804
Punjab,Fazilka,1180483,2020-12-10,63589,20271,19729,528,490080,131519,0,1,1,0,249,177,0,8,4,0,8408,5707
Punjab,Ferozepur,2026831,2020-12-20,74880,14347,13832,504,476343,128043,0,4,3,0,130,73,0,13,9,0,4483,4723
Punjab,Gurdaspur,2299026,2020-12-20,249039,22381,21576,801,862133,415351,0,0,0,0,459,351,0,3,3,1,18212,26825
Punjab,Hoshiarpur,1582793,2020-12-20,221261,30822,29828,986,1000636,574716,0,2,2,1,87,211,0,10,12,2,6567,17487
Punjab,Jalandhar,2181753,2020-12-20,443735,63396,61864,1496,1433553,681370,0,1,1,0,167,507,0,20,12,1,13877,22309
Punjab,Kapurthala,817668,2020-09-02,38658,17852,17294,556,465285,187476,0,0,0,0,93,174,0,2,7,0,5387,6146
Punjab,Ludhiana,3487882,2020-12-20,514691,87608,85484,2106,2473646,943401,0,0,4,0,327,276,0,16,24,1,41184,30055
Punjab,Mansa,768808,2020-09-02,26878,15606,15226,380,372366,89830,0,0,0,0,128,166,0,0,1,0,5340,4111
Punjab,Moga,992289,2020-12-20,77307,8675,8440,233,541556,178908,0,0,0,0,9,7,0,1,8,0,5076,6757
Punjab,Pathankot,626154,2020-09-02,29112,18814,18373,419,424889,196822,0,6,1,0,52,278,0,20,7,0,1762,6090
Punjab,Patiala,2892282,2020-12-20,273344,48927,47561,1358,1051467,396473,0,0,2,0,239,526,0,6,15,0,7659,10721
Punjab,Rupnagar,683349,2020-12-20,97745,12963,12517,423,384637,182919,0,2,3,0,88,202,0,20,7,0,1965,5708
Punjab,S.A.S. Nagar,986147,2020-09-02,41532,68821,67726,1068,872096,402212,0,3,5,0,95,425,0,18,21,0,4914,9234
Punjab,Sangrur,1654408,2020-12-19,166332,15762,14884,875,730511,218820,0,1,1,0,219,157,0,3,3,0,13224,9058
Punjab,Shahid Bhagat Singh Nagar,614362,2020-12-20,77715,11469,11080,388,392113,172294,0,0,0,0,54,78,0,1,1,0,2473,4917
Punjab,Sri Muktsar Sahib,902702,2020-12-12,67979,18784,18257,524,473193,142901,0,0,0,0,91,149,0,2,0,0,3942,5830
Punjab,Tarn Taran,1120070,2020-12-18,111446,8043,7659,380,597303,178839,0,0,0,0,251,127,0,0,3,0,8846,8145
Puducherry,Karaikal,200222,2021-01-27,73142,16488,16150,250,111152,57491,0,6,9,0,2,22,0,53,63,0,763,2980
Puducherry,Mahe,41816,2021-01-27,42415,5867,5744,47,34018,25943,0,10,10,0,0,0,0,58,46,0,109,1003
Puducherry,Puducherry,950289,2021-01-27,425639,98885,97171,1453,558708,305464,0,22,25,0,159,477,0,163,202,0,7191,15005
Puducherry,Yanam,55626,2021-01-27,26727,6773,6661,107,30079,15489,0,0,1,0,8,31,0,4,4,0,259,1082
Rajasthan,Ajmer,2584913,2021-02-01,261215,37769,37352,410,1752308,1042482,0,0,0,0,110,1101,0,6,8,0,9133,56199
Rajasthan,Alwar,3671999,2021-02-01,291879,59694,59387,307,2237787,1029095,0,0,0,0,376,1002,0,0,0,0,21681,29417
Rajasthan,Banswara,1798194,2021-02-01,48781,10005,9901,104,1024293,525793,0,0,0,0,986,1105,0,0,0,0,10612,22206
Rajasthan,Baran,1223921,2021-02-01,46168,11996,11934,61,763006,297741,0,0,0,0,44,212,0,1,0,0,6599,15157
Rajasthan,Barmer,2604453,2021-02-01,113868,15563,15377,185,1455732,621465,0,0,0,0,64,247,0,1,0,0,5670,16673
Rajasthan,Bharatpur,2549121,2021-02-01,201441,19601,19341,260,1351114,590401,0,0,0,0,59,176,0,0,0,0,10069,22595
Rajasthan,Bhilwara,2410459,2021-02-01,148764,29781,29625,156,1525323,723691,0,0,0,0,161,1752,0,0,0,0,5405,26146
Rajasthan,Bikaner,2367745,2021-02-01,278302,40339,39792,545,1461174,714590,0,0,1,0,76,275,0,2,1,0,6565,17712
Rajasthan,Bundi,1113725,2021-02-01,58167,7967,7919,48,709316,362835,0,0,0,0,424,1216,0,0,0,0,12488,24243
Rajasthan,Chittorgarh,1544392,2021-02-01,116002,19809,19670,139,978713,482350,0,0,0,0,21,43,0,0,0,0,6118,29167
Rajasthan,Churu,2041172,2021-02-01,131700,16720,16613,107,1301558,582443,0,0,0,0,5,32,0,0,0,0,5483,26038
Rajasthan,Dausa,1637226,2021-02-01,61680,13351,13289,62,941513,395584,0,0,0,0,182,1072,0,0,0,0,5627,29672
Rajasthan,Dholpur,1207293,2021-02-01,121308,11010,10962,48,660103,279501,0,0,1,0,45,83,0,0,2,0,4270,11868
Rajasthan,Dungarpur,1388906,2021-02-01,121917,18407,18276,131,737200,349762,0,0,0,0,90,246,0,0,0,0,6673,19241
Rajasthan,Ganganagar,1969520,2021-02-01,80706,19354,19203,150,1278952,525137,0,0,0,0,749,1957,0,1,0,0,11153,29478
Rajasthan,Hanumangarh,1779650,2021-02-01,82542,16053,15942,111,1230511,588688,0,0,0,0,72,478,0,0,0,0,5057,30733
Rajasthan,Jaipur,6663971,2021-02-01,968783,187804,185816,1970,4582410,2189042,0,2,0,0,570,1871,0,16,9,0,24518,63582
Rajasthan,Jaisalmer,672008,2021-02-01,80082,13639,13573,66,416014,194163,0,0,0,0,199,474,0,0,0,0,2951,9700
Rajasthan,Jalore,1830151,2021-02-01,184172,10067,9995,72,987519,393953,0,0,0,0,309,738,0,0,0,0,9304,26896
Rajasthan,Jhalawar,1411327,2021-02-01,97163,13612,13425,187,922646,363082,0,0,0,0,359,2133,0,0,0,0,2527,16443
Rajasthan,Jhunjhunu,2139658,2021-02-01,123433,14811,14653,158,1449967,787196,0,0,0,0,267,1682,0,0,0,0,7946,42099
Rajasthan,Jodhpur,3685681,2021-02-01,600959,112412,111308,1103,2263325,1036743,0,0,0,0,26,93,0,0,3,0,7707,22507
Rajasthan,Karauli,1458459,2021-02-01,64481,7156,7086,70,813922,395700,0,0,0,0,1578,993,0,0,0,0,19063,20813
Rajasthan,Kota,1950491,2021-02-01,355509,57053,56603,449,1269245,655588,0,0,0,0,170,2306,0,0,0,0,2612,26626
Rajasthan,Nagaur,3309234,2021-02-01,229822,17737,17560,177,2077555,1016874,0,0,0,0,636,3335,0,0,0,0,6806,36157
Rajasthan,Pali,2038533,2021-02-01,179463,27324,27037,287,1200554,513058,0,0,0,0,704,3089,0,0,1,0,7082,26853
Rajasthan,Pratapgarh,868231,2021-02-01,52208,7143,7080,63,655140,345189,0,0,0,0,39,298,0,0,0,0,1130,25717
Rajasthan,Rajsamand,1158283,2021-02-01,91975,17044,16875,169,691497,299553,0,0,0,0,345,988,0,0,0,0,4092,14945
Rajasthan,Sawai Madhopur,1338114,2021-02-01,84683,10618,10557,61,756544,347992,0,0,0,0,268,844,0,0,2,0,8475,18843
Rajasthan,Sikar,2677737,2021-02-01,165042,30618,30283,335,1838263,821713,0,0,0,0,39,130,0,0,0,0,4520,20308
Rajasthan,Sirohi,1037185,2021-02-01,84616,13732,13653,79,610090,348789,0,0,0,0,480,589,0,0,0,0,9007,15482
Rajasthan,Tonk,1421711,2021-02-01,74225,9498,9406,92,884688,419023,0,0,0,0,48,268,0,0,0,0,2623,16223
Rajasthan,Udaipur,3067549,2021-02-01,251522,56405,55652,753,1715072,854773,0,0,0,0,1169,2727,0,0,0,0,16803,51655
Sikkim,East Sikkim,281293,1970-01-01,0,0,0,0,263526,229361,0,0,0,0,0,0,0,0,0,0,528,10519
Sikkim,North Sikkim,43354,1970-01-01,0,0,0,0,33137,27820,0,0,0,0,0,0,0,0,0,0,23,447
Sikkim,South Sikkim,146742,1970-01-01,0,0,0,0,121481,105432,0,0,0,0,0,0,0,0,0,0,164,2223
Sikkim,West Sikkim,136299,1970-01-01,0,0,0,0,103619,88896,0,0,0,0,0,0,0,0,0,0,67,855
Telangana,Adilabad,708952,1970-01-01,0,0,0,0,376263,89337,0,0,0,0,165,138,0,0,0,0,11894,12694
Telangana,Bhadradri Kothagudem,1304811,1970-01-01,0,0,0,0,599183,204318,0,0,0,0,1570,1314,0,0,0,0,30988,31905
Telangana,Hyderabad,3441992,1970-01-01,0,0,0,0,3150245,1893217,0,0,0,0,3334,5427,0,0,0,0,48855,123025
Telangana,Jagtial,983414,1970-01-01,0,0,0,0,580926,190526,0,0,0,0,0,0,0,0,0,0,50253,17153
Telangana,Jangaon,582457,1970-01-01,0,0,0,0,327527,128207,0,0,0,0,2637,363,0,0,0,0,20821,11508
Telangana,Jayashankar Bhupalapally,712257,1970-01-01,0,0,0,0,262313,127108,0,0,0,0,125,262,0,0,0,0,4191,23712
Telangana,Jogulamba Gadwal,664971,1970-01-01,0,0,0,0,306919,59886,0,0,0,0,496,253,0,0,0,0,23908,6281
Telangana,Kamareddy,972625,1970-01-01,0,0,0,0,557684,183176,0,0,0,0,320,78,0,0,0,0,14692,16918
Telangana,Karimnagar,1016063,1970-01-01,0,0,0,0,657167,384862,0,0,0,0,65,486,0,0,0,0,12731,45384
Telangana,Khammam,1401639,1970-01-01,0,0,0,0,856707,333812,0,0,0,0,789,1134,0,0,0,0,41893,68994
Telangana,Komaram Bheem,515835,1970-01-01,0,0,0,0,275644,51593,0,0,0,0,569,136,0,0,0,0,17465,4048
Telangana,Mahabubabad,1318110,1970-01-01,0,0,0,0,468199,172007,0,0,0,0,3715,1107,0,0,0,0,36700,27419
Telangana,Mancherial,807037,1970-01-01,0,0,0,0,480069,170258,0,0,0,0,65,27,0,0,0,0,22489,15600
Telangana,Medak,767428,1970-01-01,0,0,0,0,458648,140778,0,0,0,0,704,589,0,0,0,0,34422,25162
Telangana,Medchal Malkajgiri,2542203,1970-01-01,0,0,0,0,2149958,1317832,0,0,0,0,5804,8370,0,0,0,0,54568,93893
Telangana,Mulugu,294671,1970-01-01,0,0,0,0,186104,76648,0,0,0,0,71,85,0,0,0,0,4190,10660
Telangana,Nagarkurnool,893308,1970-01-01,0,0,0,0,464888,106589,0,0,0,0,730,18,0,0,0,0,30265,5469
Telangana,Nalgonda,1631399,1970-01-01,0,0,0,0,891308,254218,0,0,0,0,859,448,0,0,0,0,105864,33747
Telangana,Narayanpet,566874,1970-01-01,0,0,0,0,288388,50219,0,0,0,0,585,48,0,0,0,0,14266,3428
Telangana,Nirmal,709415,1970-01-01,0,0,0,0,378315,130107,0,0,0,0,744,255,0,0,0,0,16044,8396
Telangana,Nizamabad,1534428,1970-01-01,0,0,0,0,858574,250862,0,0,0,0,276,42,0,0,0,0,67852,21328
Telangana,Peddapalli,795332,1970-01-01,0,0,0,0,463510,201940,0,0,0,0,79,40,0,0,0,0,18954,19908
Telangana,Rajanna Sircilla,546121,1970-01-01,0,0,0,0,372065,144680,0,0,0,0,10,100,0,0,0,0,7398,17056
Telangana,Ranga Reddy,2551731,1970-01-01,0,0,0,0,2348542,1291404,0,0,0,0,217,1168,0,0,0,0,76853,93482
Telangana,Sangareddy,1527628,1970-01-01,0,0,0,0,851395,299316,0,0,0,0,7628,3083,0,0,0,0,77693,32539
Telangana,Siddipet,993376,1970-01-01,0,0,0,0,582450,242462,0,0,0,0,197,187,0,0,0,0,35164,25015
Telangana,Suryapet,1099560,1970-01-01,0,0,0,0,610724,208278,0,0,0,0,20,1,0,0,0,0,38975,24793
Telangana,Vikarabad,881250,1970-01-01,0,0,0,0,427669,87989,0,0,0,0,111,12,0,0,0,0,20014,5848
Telangana,Wanaparthy,751553,1970-01-01,0,0,0,0,289412,81870,0,0,0,0,243,119,0,0,0,0,13905,10313
Telangana,Warangal Rural,716457,1970-01-01,0,0,0,0,342881,105289,0,0,0,0,2416,1350,0,0,0,0,25045,13208
Telangana,Warangal Urban,1135707,1970-01-01,0,0,0,0,687410,418947,0,0,0,0,42,101,0,0,0,0,21854,63907
Telangana,Yadadri Bhuvanagiri,726465,1970-01-01,0,0,0,0,463854,223506,0,0,0,0,4429,739,0,0,0,0,38752,28567
Tamil Nadu,Ariyalur,752481,2020-07-23,18285,16854,16548,261,475390,157166,0,5,3,0,1127,3941,0,35,44,1,19203,29689
Tamil Nadu,Chengalpattu,2556244,2020-07-23,51771,171777,168327,2506,1337641,604784,0,83,93,2,3145,3415,0,627,706,5,26704,39438
Tamil Nadu,Chennai,7100000,2021-02-01,2667777,554672,544701,8546,4532809,2671294,0,118,143,4,4126,8535,0,880,1093,12,52515,124932
Tamil Nadu,Coimbatore,3472578,2020-07-23,102107,246780,243070,2416,2717202,1205484,0,120,126,1,770,2853,0,869,988,15,20971,79387
Tamil Nadu,Cuddalore,2600880,2020-07-23,36434,64085,62997,867,1529591,646400,0,16,18,0,9299,22186,0,129,132,0,51773,101735
Tamil Nadu,Dharmapuri,1502900,2020-12-22,163803,28425,27957,274,770955,279901,0,16,21,0,811,1674,0,110,161,1,13388,27153
Tamil Nadu,Dindigul,2161367,2020-07-23,27800,33099,32348,645,1236504,493453,0,9,7,0,321,1040,0,58,51,1,19630,57260
Tamil Nadu,Erode,2259608,2020-07-23,66240,104303,102836,686,1370925,552624,0,68,94,2,244,899,0,477,573,4,16741,46724
Tamil Nadu,Kallakurichi,1370281,2020-07-23,28314,31364,31056,210,696213,299822,0,14,23,0,4089,7322,0,66,118,0,22603,52087
Tamil Nadu,Kancheepuram,1166401,2020-07-23,37505,74970,73386,1258,663206,250181,0,30,37,0,679,1040,0,225,259,2,13961,24360
Tamil Nadu,Kanyakumari,1863178,2020-07-23,79600,62362,61112,1048,1100888,450620,0,17,12,0,431,1276,0,120,102,0,17732,51185
Tamil Nadu,Karur,1076588,2020-07-23,17190,24091,23523,356,626136,289120,0,20,16,0,74,834,0,136,90,1,5882,32339
Tamil Nadu,Krishnagiri,1883731,2020-07-23,14284,43570,43036,348,1040491,407695,0,16,19,0,404,1731,0,134,160,1,15883,37027
Tamil Nadu,Madurai,3991038,2020-07-23,97279,75215,73853,1172,1500331,583138,0,13,17,0,1060,2012,0,99,122,3,26340,42498
Tamil Nadu,Mayiladuthurai,901000,1970-01-01,0,23280,22878,316,0,0,0,3,10,0,0,0,0,41,80,0,0,0
Tamil Nadu,Nagapattinam,1614069,2020-07-23,20984,21074,20561,346,813495,289588,0,16,20,1,273,953,0,97,121,10,8662,23176
Tamil Nadu,Namakkal,1721179,2020-07-23,24758,52245,51253,498,987830,397079,0,43,51,0,168,442,0,315,397,2,12694,28265
Tamil Nadu,Nilgiris,735071,2020-07-23,45839,33566,33164,212,501986,343811,0,20,25,2,71,1092,0,124,220,3,1613,31952
Tamil Nadu,Perambalur,564511,2020-07-23,7981,12067,11790,243,326872,136491,0,2,5,0,383,2161,0,26,27,0,4307,17440
Tamil Nadu,Pudukkottai,1918725,2020-07-23,20835,30183,29627,416,827320,314780,0,12,8,0,554,2862,0,75,68,2,10691,34202
Tamil Nadu,Ramanathapuram,1337560,2020-07-23,23389,20564,20158,357,660673,280037,0,3,6,0,852,2329,0,25,55,0,9961,32447
Tamil Nadu,Ranipet,1210277,2020-07-23,20118,43436,42557,775,557267,174051,0,14,14,0,506,485,0,69,73,2,10793,13744
Tamil Nadu,Salem,3480008,2020-07-23,79660,99893,97619,1685,1925084,791376,0,62,67,1,396,2125,0,427,442,3,25814,66134
Tamil Nadu,Sivaganga,1341250,2020-07-23,25824,20195,19854,206,726010,287468,0,13,9,0,195,564,0,82,78,0,10170,31816
Tamil Nadu,Tenkasi,1407627,2020-07-23,26338,27357,26834,484,736882,233177,0,4,4,0,291,446,0,25,14,0,16935,21454
Tamil Nadu,Thanjavur,2402781,2020-07-23,67445,75352,73874,972,1224986,486660,0,37,59,0,12155,2378,0,310,428,6,49025,31228
Tamil Nadu,Theni,1243684,2020-07-23,45839,43571,43018,521,660187,304832,0,1,5,1,379,1536,0,15,23,1,11199,33309
Tamil Nadu,Thiruvallur,3725697,2020-07-23,67948,119370,117138,1842,1425728,563426,0,28,55,0,2328,4382,0,252,396,3,25332,47695
Tamil Nadu,Thiruvarur,1268094,2020-07-23,67445,41461,40760,442,630274,246969,0,23,22,2,291,624,0,170,253,5,13453,29614
Tamil Nadu,Thoothukkudi,1738376,2020-07-23,49288,56304,55757,409,984706,328797,0,11,9,1,11497,1612,0,85,90,1,46323,22453
Tamil Nadu,Tiruchirappalli,2713858,2020-08-07,92586,77534,76038,1059,1468456,636356,0,37,49,0,2445,892,0,302,334,5,32150,48874
Tamil Nadu,Tirunelveli,1665253,2020-07-23,54208,49374,48812,432,815687,275985,0,11,13,1,940,627,0,93,125,1,22582,19904
Tamil Nadu,Tirupathur,1111812,2020-07-23,23998,29301,28600,625,541496,205219,0,10,8,0,311,525,0,50,66,0,11111,24743
Tamil Nadu,Tiruppur,2471222,2020-07-23,36301,95405,93683,979,1671392,611015,0,69,53,1,133,443,0,504,537,5,20414,50762
Tamil Nadu,Tiruvannamalai,2468965,2020-07-23,76170,54968,54122,667,1270049,533376,0,18,28,0,4455,10228,0,120,158,0,31415,73235
Tamil Nadu,Vellore,1614242,2020-07-23,47936,49864,48564,1131,763735,336366,0,12,15,0,953,1825,0,117,139,1,18978,31716
Tamil Nadu,Viluppuram,2093003,2020-07-23,52064,45857,45382,356,1085842,444502,0,10,11,0,12953,11812,0,79,83,1,53748,67153
Tamil Nadu,Virudhunagar,1943309,2020-07-23,28620,46294,45687,548,1072788,505098,0,5,8,0,1007,3437,0,38,45,0,16628,50467
Tripura,Dhalai,377988,2021-02-02,61582,7037,7000,35,258334,164654,0,0,0,0,5,531,0,1,2,0,264,11234
Tripura,Gomati,436868,2021-02-02,47437,8134,8043,74,279099,161408,0,0,0,0,0,1,0,8,3,0,319,9611
Tripura,Khowai,327391,2021-02-02,24046,4559,4500,54,202148,111955,0,2,0,0,0,0,0,3,0,0,373,5866
Tripura,North Tripura,415946,2021-02-02,100931,7250,7199,34,283802,190594,0,2,0,0,0,0,0,4,8,0,352,4099
Tripura,Sipahijala,484233,2021-02-02,53067,6360,6273,75,330932,211903,0,0,0,0,0,9,0,8,4,0,451,10397
Tripura,South Tripura,433737,2021-02-02,83030,10168,10104,53,303987,209259,0,1,0,0,0,1,0,4,1,0,267,5639
Tripura,Unokoti,277335,2021-02-02,34930,8609,8530,68,173390,101178,0,1,0,0,0,5,0,4,3,0,762,10307
Tripura,West Tripura,917534,2021-02-02,202939,32351,31817,420,676784,470030,0,6,2,0,5,13,0,55,41,0,1366,17141
Uttar Pradesh,Agra,4380793,2021-01-31,491361,25765,25308,457,2172907,746386,0,0,0,0,178,265,0,0,2,0,23657,42953
Uttar Pradesh,Aligarh,3673849,2021-01-31,482825,21280,21172,108,1589498,498586,0,0,0,0,9,25,0,0,0,0,34650,57576
Uttar Pradesh,Ambedkar Nagar,2398709,2021-01-31,123151,5040,4885,152,1135268,349925,0,0,0,0,138,145,0,1,0,0,21528,32042
Uttar Pradesh,Amethi,2549935,2021-01-31,267014,9972,9828,143,1015454,375261,0,0,0,0,165,11,0,0,2,0,19777,37617
Uttar Pradesh,Amroha,1838771,2021-01-13,254038,16616,16412,203,871164,265607,0,0,0,0,6,8,0,0,0,0,16080,23048
Uttar Pradesh,Auraiya,1372287,2021-01-10,107079,10090,9887,203,614711,180775,0,0,0,0,0,0,0,0,0,0,6878,16443
Uttar Pradesh,Ayodhya,2468371,2021-01-31,376735,16919,16629,290,1270889,418182,0,0,0,0,217,452,0,0,1,0,26036,37279
Uttar Pradesh,Azamgarh,4616509,2020-12-27,12474,17906,17675,228,2165409,643824,0,0,0,0,1764,3111,0,2,0,0,41754,63205
Uttar Pradesh,Baghpat,1302156,2021-01-31,327192,9132,8991,141,692255,337171,0,0,0,0,10,52,0,0,0,0,7829,24151
Uttar Pradesh,Bahraich,2384239,2021-01-31,308225,11549,11371,178,1752196,642554,0,0,0,0,648,1565,0,0,0,0,54069,106010
Uttar Pradesh,Ballia,3223642,2021-01-31,267420,21610,21376,234,1433455,388341,0,0,0,0,86,170,0,0,0,0,29248,48334
Uttar Pradesh,Balrampur,2149066,2021-01-31,276237,7494,7354,138,995084,438892,0,1,0,0,747,630,0,2,0,0,21033,56322
Uttar Pradesh,Banda,1799541,2021-01-10,303185,10992,10832,158,795903,236840,0,0,0,0,486,432,0,1,0,0,38560,36938
Uttar Pradesh,Barabanki,3257983,2021-01-30,147422,19850,19624,225,1589704,448292,0,0,0,0,11,44,0,1,0,0,51121,59870
Uttar Pradesh,Bareilly,4465344,2021-01-13,465209,44028,43650,377,2221830,749751,0,0,0,0,6458,255,0,1,1,0,68245,64148
Uttar Pradesh,Basti,2461056,2021-01-31,296570,11717,11385,330,1189235,399451,0,1,0,0,3555,4769,0,2,0,0,24797,39395
Uttar Pradesh,Bhadohi,1554203,2021-01-31,119023,7720,7557,163,793094,244431,0,0,0,0,6,7,0,0,1,0,15479,20211
Uttar Pradesh,Bijnor,3683896,2021-01-30,312985,14794,14668,126,1756682,600482,0,0,0,0,-1,1,0,0,0,0,27491,53680
Uttar Pradesh,Budaun,3712738,2021-01-23,224207,14941,14843,98,1408673,364360,0,0,0,0,581,417,0,0,0,0,53729,43678
Uttar Pradesh,Bulandshahr,3498507,2020-12-07,269090,20215,19972,243,1647985,646236,0,0,0,0,2,46,0,0,0,1,18195,42644
Uttar Pradesh,Chandauli,1952713,2021-01-31,211249,16208,15852,356,939599,238646,0,0,0,0,192,395,0,0,1,0,19998,31247
Uttar Pradesh,Chitrakoot,990626,2021-01-10,234060,7110,7031,79,447303,129157,0,0,0,0,329,536,0,0,0,0,13007,16383
Uttar Pradesh,Deoria,3098637,2021-01-31,304520,20223,20003,220,1597034,537293,0,0,0,0,81,167,0,0,0,0,29495,67895
Uttar Pradesh,Etah,1761152,2021-01-31,263295,9968,9868,99,788675,213371,0,0,0,0,475,170,0,0,0,0,16622,25756
Uttar Pradesh,Etawah,1579160,2021-01-10,297761,13933,13640,293,708258,253661,0,0,0,0,873,984,0,0,0,0,52312,35349
Uttar Pradesh,Farrukhabad,1887577,2021-01-10,231856,10348,10153,194,833824,229745,0,0,0,0,81,439,0,1,0,0,15703,28433
Uttar Pradesh,Fatehpur,2632684,2021-01-10,82928,6814,6674,139,1246314,410120,0,0,0,0,53,168,0,1,0,0,13675,42615
Uttar Pradesh,Firozabad,2496761,2021-01-31,322656,8720,8585,135,1005224,328351,0,0,0,0,5881,3105,0,0,0,0,66838,47728
Uttar Pradesh,Gautam Buddha Nagar,1674714,2021-01-24,675396,63353,62876,467,1799728,974353,0,1,2,0,100,816,0,6,13,0,22023,43162
Uttar Pradesh,Ghaziabad,4661452,2021-01-24,712611,55673,55207,461,2247039,1071908,0,1,0,0,3698,4330,0,3,2,0,47837,71692
Uttar Pradesh,Ghazipur,3622727,2021-01-31,265737,21641,21359,282,1690195,509886,0,0,0,0,241,524,0,0,2,0,22615,43797
Uttar Pradesh,Gonda,3431386,2021-01-31,241234,12282,12016,266,1604382,555773,0,0,0,0,40,1698,0,0,0,0,22042,51150
Uttar Pradesh,Gorakhpur,4436275,2021-01-31,480536,59439,58588,848,2347051,889085,0,0,1,0,96,377,0,1,4,0,33169,69539
Uttar Pradesh,Hamirpur,1104021,2021-01-10,240382,5232,5130,102,561456,185949,0,0,0,0,3,0,0,0,0,0,11985,14350
Uttar Pradesh,Hapur,1338211,2021-01-03,299725,12638,12421,217,658863,254519,0,0,0,0,127,307,0,0,2,0,15823,21964
Uttar Pradesh,Hardoi,4091380,2021-01-30,224784,13755,13406,349,1852490,537647,0,0,0,0,221,594,0,0,0,0,29546,66612
Uttar Pradesh,Hathras,1565678,2021-01-31,260525,2920,2877,43,701190,234481,0,0,0,0,0,1,0,0,0,0,16507,25542
Uttar Pradesh,Jalaun,1670718,2021-01-10,221719,11687,11482,202,819651,251406,0,0,0,0,18,30,0,3,0,0,14119,21614
Uttar Pradesh,Jaunpur,4476072,2021-01-20,322824,22584,22349,235,2189622,667013,0,0,0,0,209,3689,0,0,2,0,41689,67101
Uttar Pradesh,Jhansi,2000755,2020-11-26,312540,36556,35892,663,1132511,379818,0,1,0,0,14,14,0,1,0,0,10719,25914
Uttar Pradesh,Kannauj,1658005,2021-01-10,124019,9231,9115,114,755119,257048,0,0,0,0,82,431,0,0,0,0,24440,44639
Uttar Pradesh,Kanpur Dehat,1795092,2021-01-10,344697,6197,6087,110,923661,290898,0,0,0,0,47,85,0,0,0,0,27985,38783
Uttar Pradesh,Kanpur Nagar,4572951,2021-01-10,685820,82933,81024,1905,2251558,859280,0,0,0,0,38,96,0,3,1,0,64788,66517
Uttar Pradesh,Kasganj,1438156,2021-01-31,271969,4250,4197,53,608818,147948,0,0,0,0,51,29,0,0,0,0,8148,13675
Uttar Pradesh,Kaushambi,1596909,2021-01-14,207064,4424,4353,70,760960,218775,0,0,0,0,94,35,0,1,0,0,38263,28403
Uttar Pradesh,Kushinagar,3560830,2021-01-30,314772,15617,15389,228,1632782,458054,0,0,0,0,211,585,0,0,0,0,16785,46465
Uttar Pradesh,Lakhimpur Kheri,4013634,2021-01-30,368533,24410,24117,292,1829019,382178,0,0,0,0,1183,1370,0,1,0,0,46453,51586
Uttar Pradesh,Lalitpur,1218002,2020-08-07,21781,12742,12613,128,627553,143519,0,0,0,0,4,8,0,1,0,0,8010,13539
Uttar Pradesh,Lucknow,4588455,2020-12-13,1237583,238839,236165,2651,3106658,1488333,0,0,0,0,10826,11083,0,10,10,0,69404,107763
Uttar Pradesh,Maharajganj,2665292,2021-01-31,334716,12440,12300,140,1283534,372559,0,0,0,0,53,316,0,0,0,0,20643,36312
Uttar Pradesh,Mahoba,876055,2021-01-10,142992,4268,4182,86,444352,148388,0,0,0,0,10,9,0,0,0,0,4765,8960
Uttar Pradesh,Mainpuri,1847194,2021-01-31,228496,10028,9846,182,860461,219990,0,0,0,0,647,1354,0,0,0,0,31507,37443
Uttar Pradesh,Mathura,2541894,2021-01-29,198379,20297,19893,402,1207578,418117,0,0,0,0,63,164,0,1,1,0,10807,23027
Uttar Pradesh,Mau,2205170,2021-01-31,281445,8333,8252,80,1017497,307052,0,0,0,0,787,453,0,1,1,0,25202,32390
Uttar Pradesh,Meerut,3447405,2021-01-31,798404,69480,68567,898,1764744,842448,0,1,0,0,25,79,0,13,3,0,25100,57600
Uttar Pradesh,Mirzapur,2494533,2021-01-31,312764,11088,10972,116,1335308,462157,0,0,1,0,787,419,0,0,1,0,24968,41785
Uttar Pradesh,Moradabad,4773138,2021-01-13,400459,39102,38752,349,1390249,443211,0,0,1,0,3951,2357,0,0,1,0,52013,39070
Uttar Pradesh,Muzaffarnagar,4138605,2021-01-25,161704,31009,30737,269,1264005,467387,0,0,0,0,979,707,0,1,0,0,15476,38924
Uttar Pradesh,Pilibhit,2037225,2021-01-13,291538,11032,10838,193,978332,256931,0,0,0,0,2,1,0,0,0,0,9611,17989
Uttar Pradesh,Pratapgarh,3173752,2021-01-14,100500,16038,15875,163,1480021,456869,0,0,0,0,1796,1482,0,0,0,0,40603,47832
Uttar Pradesh,Prayagraj,5959798,2021-01-14,729300,78699,77609,1088,2731341,862244,0,0,1,0,17,48,0,1,6,0,75719,79660
Uttar Pradesh,Rae Bareli,3404004,2021-01-30,387408,17104,16761,343,1436175,344694,0,0,0,0,576,429,0,0,0,0,33906,46996
Uttar Pradesh,Rampur,2335398,2021-01-16,274288,11826,11676,148,989666,250420,0,0,0,0,3,1,0,2,0,0,23526,28753
Uttar Pradesh,Saharanpur,3464228,2021-01-30,266387,32730,32309,420,1638111,576986,0,0,0,0,6,17,0,0,0,0,19216,33326
Uttar Pradesh,Sambhal,2217020,2021-01-13,309333,9438,9331,106,893786,204352,0,0,0,0,1708,411,0,0,0,0,27630,23914
Uttar Pradesh,Sant Kabir Nagar,1714300,2021-01-31,292606,8159,8061,98,799506,195105,0,0,0,0,82,202,0,0,0,0,44511,26920
Uttar Pradesh,Shahjahanpur,3002376,2021-01-13,437195,20361,19916,444,1743273,538827,0,0,0,0,3563,969,0,0,0,0,185421,79519
Uttar Pradesh,Shamli,1274815,2021-01-31,246597,12976,12931,45,604968,206438,0,0,0,0,24,14,0,0,0,0,12602,16389
Uttar Pradesh,Shrawasti,1114615,2021-01-31,221566,4388,4353,35,515155,181654,0,0,0,0,37,120,0,0,0,0,7342,17808
Uttar Pradesh,Siddharthnagar,2553526,2021-01-31,295047,9373,9273,100,1225133,479630,0,0,0,0,250,2209,0,0,0,0,18746,53973
Uttar Pradesh,Sitapur,4474446,2021-01-28,289473,12398,12211,185,2139996,497241,0,0,0,0,81,197,0,0,0,0,33825,52112
Uttar Pradesh,Sonbhadra,1862612,2021-01-31,306175,16807,16556,251,812891,236871,0,0,0,0,200,157,0,0,0,0,21438,24430
Uttar Pradesh,Sultanpur,3790922,2021-01-31,309395,14915,14777,138,1178195,370998,0,0,0,0,2,18,0,0,0,0,14962,31247
Uttar Pradesh,Unnao,3110595,2021-01-10,298886,15011,14757,254,1554190,420513,0,0,0,0,201,948,0,0,0,0,26506,41790
Uttar Pradesh,Varanasi,3682194,2021-01-31,595510,85501,84528,971,2109381,843905,0,0,0,0,159,441,0,2,1,0,38187,55104
Uttarakhand,Almora,621927,2021-01-30,84443,12190,11378,196,378242,215715,0,0,0,0,37,416,0,7,7,0,729,10440
Uttarakhand,Bageshwar,259840,2021-01-30,55626,5764,5678,60,183447,131244,0,0,0,0,75,1286,0,1,0,0,371,6323
Uttarakhand,Chamoli,391114,2021-01-30,90390,12242,11972,62,273850,191420,0,0,0,0,13,268,0,4,4,0,822,11652
Uttarakhand,Champawat,259315,2021-01-30,95068,7603,7358,53,183354,119870,0,1,0,0,44,613,0,3,0,0,754,6007
Uttarakhand,Dehradun,1698560,2021-01-30,401496,112363,108137,3521,1465464,793803,0,3,4,0,308,3611,0,30,24,0,5963,49795
Uttarakhand,Haridwar,1927029,2021-01-30,369542,51498,49096,1019,1456257,635360,0,1,0,0,224,1907,0,10,8,1,3960,52191
Uttarakhand,Nainital,955128,2021-01-30,204422,39232,38140,944,722854,398680,0,0,3,0,31,288,0,10,14,0,2285,16850
Uttarakhand,Pauri Garhwal,686527,2021-01-30,138878,17686,16668,315,431320,229262,0,0,0,0,25,108,0,3,5,0,2116,14253
Uttarakhand,Pithoragarh,485993,2021-01-30,72686,10260,9962,181,318644,183765,0,0,1,0,89,609,0,3,6,0,930,10608
Uttarakhand,Rudraprayag,236857,2021-01-30,52378,8800,8535,106,170911,113480,0,0,1,0,30,326,0,0,3,0,416,6212
Uttarakhand,Tehri Garhwal,616409,2021-01-30,105111,15835,14827,108,381493,206527,0,0,0,0,12,120,0,0,0,0,2235,15658
Uttarakhand,Udham Singh Nagar,1648367,2021-01-30,337292,37875,36315,761,1277738,518326,0,0,0,0,167,3581,0,0,3,0,3588,48283
Uttarakhand,Uttarkashi,329686,2021-01-30,120026,12548,12129,74,234425,160687,0,0,0,0,12,83,0,4,0,0,1063,9910
West Bengal,Alipurduar,1700000,1970-01-01,0,15589,15441,102,949775,353666,0,4,5,0,579,1298,0,31,35,0,38488,29790
West Bengal,Bankura,3596292,1970-01-01,0,36313,35839,274,2245147,706177,0,30,21,0,38854,5692,0,161,133,1,220390,76120
West Bengal,Birbhum,3502387,1970-01-01,0,41197,40727,286,2152966,846286,0,20,20,0,6911,2868,0,176,102,0,99629,84919
West Bengal,Cooch Behar,2822780,1970-01-01,0,29275,29060,97,1444232,421663,0,10,13,0,3386,395,0,77,93,0,122592,26214
West Bengal,Dakshin Dinajpur,1670931,1970-01-01,0,17889,17573,170,1063493,363056,0,14,16,0,724,998,0,111,108,1,53398,21657
West Bengal,Darjeeling,1842034,1970-01-01,0,57143,56326,539,1324555,664306,0,23,31,0,945,1844,0,189,214,1,21148,69087
West Bengal,Hooghly,5520389,1970-01-01,0,86300,84650,990,3368156,1343978,0,58,74,0,41006,9034,0,472,497,2,274722,105570
West Bengal,Howrah,4841638,1970-01-01,0,98757,96567,1524,2905925,1254076,0,73,73,0,14299,4502,0,518,473,2,207351,95203
West Bengal,Jalpaiguri,3869675,1970-01-01,0,41982,41256,572,1144138,410719,0,16,17,1,9642,3130,0,102,120,6,53967,63773
West Bengal,Jhargram,1136548,1970-01-01,0,12135,12063,27,714456,211586,0,3,5,0,477,700,0,25,39,0,39020,19553
West Bengal,Kalimpong,251642,1970-01-01,0,7036,6950,54,180713,124420,0,2,4,0,8,429,0,18,28,0,513,10626
West Bengal,Kolkata,4486679,1970-01-01,0,322541,315146,5152,4784084,3039486,0,274,244,6,334,1626,0,1843,1553,25,36977,206020
West Bengal,Malda,3997970,1970-01-01,0,33406,33121,186,2029144,590497,0,32,8,0,2191,1771,0,77,51,0,227391,55976
West Bengal,Murshidabad,7102430,1970-01-01,0,33993,33605,328,3952659,976111,0,5,8,0,17667,1587,0,48,40,1,621102,86224
West Bengal,Nadia,5168488,1970-01-01,0,73333,72054,859,2798942,884320,0,31,48,1,15875,1863,0,302,326,8,251739,89327
West Bengal,North 24 Parganas,10082852,1970-01-01,0,329257,323097,4833,6547702,2720315,0,144,147,6,5231,7658,0,1066,961,27,235852,241201
West Bengal,Paschim Bardhaman,2882031,1970-01-01,0,57778,57184,356,1789611,677747,0,32,25,0,286,786,0,213,149,1,94473,72103
West Bengal,Paschim Medinipur,5094238,1970-01-01,0,53581,52820,507,2758576,877978,0,26,28,0,6512,1457,0,181,198,1,270458,66132
West Bengal,Purba Bardhaman,4835532,1970-01-01,0,42005,41588,198,2596246,859528,0,16,25,0,17168,4002,0,147,176,2,260764,51741
West Bengal,Purba Medinipur,4417377,1970-01-01,0,63098,62549,397,3560589,1471674,0,16,17,0,5370,2226,0,94,120,1,71724,144185
West Bengal,Purulia,2927965,1970-01-01,0,19419,19283,113,1679941,492310,0,2,3,0,13266,1866,0,17,21,0,159111,40922
West Bengal,South 24 Parganas,8153176,1970-01-01,0,100957,98950,1336,4850898,1832073,0,75,74,1,7086,3270,0,542,470,5,310444,169231
West Bengal,Uttar Dinajpur,3000849,1970-01-01,0,19858,19559,238,1341457,436182,0,8,7,0,0,0,0,43,46,2,130243,44686
